year,fes_scenario,climate_member,weather_year_role,smr_case,annual_smr_energy_twh,annual_gas_displacement_twh,annual_surplus_energy_twh,surplus_hours_count,low_wind_hours_count,low_wind_support_hours,average_residual_before_mw,average_residual_after_mw,average_residual_reduction_mw,average_gas_displacement_proxy_mw
2030,Electric Engagement,member_06,average_wind,simultaneous_commissioning,0.0,0.0,71.47748221131351,4497,2189,0,-2164.157806164383,-2164.157806164383,0.0,0.0
2030,Electric Engagement,member_06,average_wind,staggered_commissioning,0.0,0.0,71.47748221131351,4497,2189,0,-2164.157806164383,-2164.157806164383,0.0,0.0
2030,Electric Engagement,member_06,high_wind,simultaneous_commissioning,0.0,0.0,73.01217919628016,4542,1811,0,-2164.157806164385,-2164.157806164385,0.0,0.0
2030,Electric Engagement,member_06,high_wind,staggered_commissioning,0.0,0.0,73.01217919628016,4542,1811,0,-2164.157806164385,-2164.157806164385,0.0,0.0
2030,Electric Engagement,member_06,low_wind,simultaneous_commissioning,0.0,0.0,74.20205815762046,4477,1760,0,-2164.1578061643822,-2164.1578061643822,0.0,0.0
2030,Electric Engagement,member_06,low_wind,staggered_commissioning,0.0,0.0,74.20205815762046,4477,1760,0,-2164.1578061643822,-2164.1578061643822,0.0,0.0
2030,Electric Engagement,member_12,average_wind,simultaneous_commissioning,0.0,0.0,71.00835643080761,4492,2189,0,-2164.157806164379,-2164.157806164379,0.0,0.0
2030,Electric Engagement,member_12,average_wind,staggered_commissioning,0.0,0.0,71.00835643080761,4492,2189,0,-2164.157806164379,-2164.157806164379,0.0,0.0
2030,Electric Engagement,member_12,high_wind,simultaneous_commissioning,0.0,0.0,73.46382294926971,4547,1811,0,-2164.157806164382,-2164.157806164382,0.0,0.0
2030,Electric Engagement,member_12,high_wind,staggered_commissioning,0.0,0.0,73.46382294926971,4547,1811,0,-2164.157806164382,-2164.157806164382,0.0,0.0
2030,Electric Engagement,member_12,low_wind,simultaneous_commissioning,0.0,0.0,73.9923378412198,4464,1760,0,-2164.1578061643786,-2164.1578061643786,0.0,0.0
2030,Electric Engagement,member_12,low_wind,staggered_commissioning,0.0,0.0,73.9923378412198,4464,1760,0,-2164.1578061643786,-2164.1578061643786,0.0,0.0
2030,Electric Engagement,member_13,average_wind,simultaneous_commissioning,0.0,0.0,71.31135111370482,4543,2189,0,-2164.157806164382,-2164.157806164382,0.0,0.0
2030,Electric Engagement,member_13,average_wind,staggered_commissioning,0.0,0.0,71.31135111370482,4543,2189,0,-2164.157806164382,-2164.157806164382,0.0,0.0
2030,Electric Engagement,member_13,high_wind,simultaneous_commissioning,0.0,0.0,73.83502126510066,4558,1811,0,-2164.1578061643845,-2164.1578061643845,0.0,0.0
2030,Electric Engagement,member_13,high_wind,staggered_commissioning,0.0,0.0,73.83502126510066,4558,1811,0,-2164.1578061643845,-2164.1578061643845,0.0,0.0
2030,Electric Engagement,member_13,low_wind,simultaneous_commissioning,0.0,0.0,73.37017188397384,4480,1760,0,-2164.157806164381,-2164.157806164381,0.0,0.0
2030,Electric Engagement,member_13,low_wind,staggered_commissioning,0.0,0.0,73.37017188397384,4480,1760,0,-2164.157806164381,-2164.157806164381,0.0,0.0
2030,Holistic Transition,member_06,average_wind,simultaneous_commissioning,0.0,0.0,68.34139176683414,4431,2252,0,-1787.5995869863004,-1787.5995869863004,0.0,0.0
2030,Holistic Transition,member_06,average_wind,staggered_commissioning,0.0,0.0,68.34139176683414,4431,2252,0,-1787.5995869863004,-1787.5995869863004,0.0,0.0
2030,Holistic Transition,member_06,high_wind,simultaneous_commissioning,0.0,0.0,69.85867816393001,4476,1856,0,-1787.5995869863,-1787.5995869863,0.0,0.0
2030,Holistic Transition,member_06,high_wind,staggered_commissioning,0.0,0.0,69.85867816393001,4476,1856,0,-1787.5995869863,-1787.5995869863,0.0,0.0
2030,Holistic Transition,member_06,low_wind,simultaneous_commissioning,0.0,0.0,71.07996583872342,4425,1833,0,-1787.5995869863002,-1787.5995869863002,0.0,0.0
2030,Holistic Transition,member_06,low_wind,staggered_commissioning,0.0,0.0,71.07996583872342,4425,1833,0,-1787.5995869863002,-1787.5995869863002,0.0,0.0
2030,Holistic Transition,member_12,average_wind,simultaneous_commissioning,0.0,0.0,67.89044689234545,4418,2252,0,-1787.599586986298,-1787.599586986298,0.0,0.0
2030,Holistic Transition,member_12,average_wind,staggered_commissioning,0.0,0.0,67.89044689234545,4418,2252,0,-1787.599586986298,-1787.599586986298,0.0,0.0
2030,Holistic Transition,member_12,high_wind,simultaneous_commissioning,0.0,0.0,70.31527201625607,4468,1856,0,-1787.5995869862973,-1787.5995869862973,0.0,0.0
2030,Holistic Transition,member_12,high_wind,staggered_commissioning,0.0,0.0,70.31527201625607,4468,1856,0,-1787.5995869862973,-1787.5995869862973,0.0,0.0
2030,Holistic Transition,member_12,low_wind,simultaneous_commissioning,0.0,0.0,70.88810112616989,4395,1833,0,-1787.5995869862977,-1787.5995869862977,0.0,0.0
2030,Holistic Transition,member_12,low_wind,staggered_commissioning,0.0,0.0,70.88810112616989,4395,1833,0,-1787.5995869862977,-1787.5995869862977,0.0,0.0
2030,Holistic Transition,member_13,average_wind,simultaneous_commissioning,0.0,0.0,68.16223829963415,4469,2252,0,-1787.5995869862993,-1787.5995869862993,0.0,0.0
2030,Holistic Transition,member_13,average_wind,staggered_commissioning,0.0,0.0,68.16223829963415,4469,2252,0,-1787.5995869862993,-1787.5995869862993,0.0,0.0
2030,Holistic Transition,member_13,high_wind,simultaneous_commissioning,0.0,0.0,70.66157150147895,4494,1856,0,-1787.5995869862988,-1787.5995869862988,0.0,0.0
2030,Holistic Transition,member_13,high_wind,staggered_commissioning,0.0,0.0,70.66157150147895,4494,1856,0,-1787.5995869862988,-1787.5995869862988,0.0,0.0
2030,Holistic Transition,member_13,low_wind,simultaneous_commissioning,0.0,0.0,70.26092806766758,4430,1833,0,-1787.599586986299,-1787.599586986299,0.0,0.0
2030,Holistic Transition,member_13,low_wind,staggered_commissioning,0.0,0.0,70.26092806766758,4430,1833,0,-1787.599586986299,-1787.599586986299,0.0,0.0
2031,Electric Engagement,member_06,average_wind,simultaneous_commissioning,0.0,0.0,89.87109849573216,4740,1842,0,-4220.862144063929,-4220.862144063929,0.0,0.0
2031,Electric Engagement,member_06,average_wind,staggered_commissioning,0.0,0.0,89.87109849573216,4740,1842,0,-4220.862144063929,-4220.862144063929,0.0,0.0
2031,Electric Engagement,member_06,high_wind,simultaneous_commissioning,0.0,0.0,91.45053990496224,4808,1556,0,-4220.862144063925,-4220.862144063925,0.0,0.0
2031,Electric Engagement,member_06,high_wind,staggered_commissioning,0.0,0.0,91.45053990496224,4808,1556,0,-4220.862144063925,-4220.862144063925,0.0,0.0
2031,Electric Engagement,member_06,low_wind,simultaneous_commissioning,0.0,0.0,90.90550541821943,4709,1375,0,-4220.862144063926,-4220.862144063926,0.0,0.0
2031,Electric Engagement,member_06,low_wind,staggered_commissioning,0.0,0.0,90.90550541821943,4709,1375,0,-4220.862144063926,-4220.862144063926,0.0,0.0
2031,Electric Engagement,member_12,average_wind,simultaneous_commissioning,0.0,0.0,89.24831656364667,4739,1842,0,-4220.862144063929,-4220.862144063929,0.0,0.0
2031,Electric Engagement,member_12,average_wind,staggered_commissioning,0.0,0.0,89.24831656364667,4739,1842,0,-4220.862144063929,-4220.862144063929,0.0,0.0
2031,Electric Engagement,member_12,high_wind,simultaneous_commissioning,0.0,0.0,90.95304700505538,4835,1556,0,-4220.862144063926,-4220.862144063926,0.0,0.0
2031,Electric Engagement,member_12,high_wind,staggered_commissioning,0.0,0.0,90.95304700505538,4835,1556,0,-4220.862144063926,-4220.862144063926,0.0,0.0
2031,Electric Engagement,member_12,low_wind,simultaneous_commissioning,0.0,0.0,91.91336176970243,4759,1375,0,-4220.862144063928,-4220.862144063928,0.0,0.0
2031,Electric Engagement,member_12,low_wind,staggered_commissioning,0.0,0.0,91.91336176970243,4759,1375,0,-4220.862144063928,-4220.862144063928,0.0,0.0
2031,Electric Engagement,member_13,average_wind,simultaneous_commissioning,0.0,0.0,90.657303090796,4760,1842,0,-4220.86214406393,-4220.86214406393,0.0,0.0
2031,Electric Engagement,member_13,average_wind,staggered_commissioning,0.0,0.0,90.657303090796,4760,1842,0,-4220.86214406393,-4220.86214406393,0.0,0.0
2031,Electric Engagement,member_13,high_wind,simultaneous_commissioning,0.0,0.0,90.84431732215953,4792,1556,0,-4220.862144063926,-4220.862144063926,0.0,0.0
2031,Electric Engagement,member_13,high_wind,staggered_commissioning,0.0,0.0,90.84431732215953,4792,1556,0,-4220.862144063926,-4220.862144063926,0.0,0.0
2031,Electric Engagement,member_13,low_wind,simultaneous_commissioning,0.0,0.0,90.53001908312022,4741,1375,0,-4220.862144063928,-4220.862144063928,0.0,0.0
2031,Electric Engagement,member_13,low_wind,staggered_commissioning,0.0,0.0,90.53001908312022,4741,1375,0,-4220.862144063928,-4220.862144063928,0.0,0.0
2031,Holistic Transition,member_06,average_wind,simultaneous_commissioning,0.0,0.0,90.93916605666466,4784,1749,0,-4525.354153196351,-4525.354153196351,0.0,0.0
2031,Holistic Transition,member_06,average_wind,staggered_commissioning,0.0,0.0,90.93916605666466,4784,1749,0,-4525.354153196351,-4525.354153196351,0.0,0.0
2031,Holistic Transition,member_06,high_wind,simultaneous_commissioning,0.0,0.0,91.87261679683576,4913,1480,0,-4525.354153196352,-4525.354153196352,0.0,0.0
2031,Holistic Transition,member_06,high_wind,staggered_commissioning,0.0,0.0,91.87261679683576,4913,1480,0,-4525.354153196352,-4525.354153196352,0.0,0.0
2031,Holistic Transition,member_06,low_wind,simultaneous_commissioning,0.0,0.0,92.11382507225107,4760,1287,0,-4525.354153196351,-4525.354153196351,0.0,0.0
2031,Holistic Transition,member_06,low_wind,staggered_commissioning,0.0,0.0,92.11382507225107,4760,1287,0,-4525.354153196351,-4525.354153196351,0.0,0.0
2031,Holistic Transition,member_12,average_wind,simultaneous_commissioning,0.0,0.0,90.55729600250343,4772,1749,0,-4525.354153196349,-4525.354153196349,0.0,0.0
2031,Holistic Transition,member_12,average_wind,staggered_commissioning,0.0,0.0,90.55729600250343,4772,1749,0,-4525.354153196349,-4525.354153196349,0.0,0.0
2031,Holistic Transition,member_12,high_wind,simultaneous_commissioning,0.0,0.0,91.57367683033742,4944,1480,0,-4525.354153196349,-4525.354153196349,0.0,0.0
2031,Holistic Transition,member_12,high_wind,staggered_commissioning,0.0,0.0,91.57367683033742,4944,1480,0,-4525.354153196349,-4525.354153196349,0.0,0.0
2031,Holistic Transition,member_12,low_wind,simultaneous_commissioning,0.0,0.0,93.23104733886854,4791,1287,0,-4525.354153196348,-4525.354153196348,0.0,0.0
2031,Holistic Transition,member_12,low_wind,staggered_commissioning,0.0,0.0,93.23104733886854,4791,1287,0,-4525.354153196348,-4525.354153196348,0.0,0.0
2031,Holistic Transition,member_13,average_wind,simultaneous_commissioning,0.0,0.0,91.92012532452613,4795,1749,0,-4525.354153196349,-4525.354153196349,0.0,0.0
2031,Holistic Transition,member_13,average_wind,staggered_commissioning,0.0,0.0,91.92012532452613,4795,1749,0,-4525.354153196349,-4525.354153196349,0.0,0.0
2031,Holistic Transition,member_13,high_wind,simultaneous_commissioning,0.0,0.0,91.3605724449154,4879,1480,0,-4525.35415319635,-4525.35415319635,0.0,0.0
2031,Holistic Transition,member_13,high_wind,staggered_commissioning,0.0,0.0,91.3605724449154,4879,1480,0,-4525.35415319635,-4525.35415319635,0.0,0.0
2031,Holistic Transition,member_13,low_wind,simultaneous_commissioning,0.0,0.0,91.8646383141446,4774,1287,0,-4525.354153196348,-4525.354153196348,0.0,0.0
2031,Holistic Transition,member_13,low_wind,staggered_commissioning,0.0,0.0,91.8646383141446,4774,1287,0,-4525.354153196348,-4525.354153196348,0.0,0.0
2032,Electric Engagement,member_06,average_wind,simultaneous_commissioning,0.0,0.0,95.58783260336826,4885,1633,0,-4641.95040778688,-4641.95040778688,0.0,0.0
2032,Electric Engagement,member_06,average_wind,staggered_commissioning,0.0,0.0,95.58783260336826,4885,1633,0,-4641.95040778688,-4641.95040778688,0.0,0.0
2032,Electric Engagement,member_06,high_wind,simultaneous_commissioning,0.0,0.0,98.26415961567086,4834,1397,0,-4641.950407786878,-4641.950407786878,0.0,0.0
2032,Electric Engagement,member_06,high_wind,staggered_commissioning,0.0,0.0,98.26415961567086,4834,1397,0,-4641.950407786878,-4641.950407786878,0.0,0.0
2032,Electric Engagement,member_06,low_wind,simultaneous_commissioning,0.0,0.0,97.781119297202,4808,1203,0,-4641.95040778688,-4641.95040778688,0.0,0.0
2032,Electric Engagement,member_06,low_wind,staggered_commissioning,0.0,0.0,97.781119297202,4808,1203,0,-4641.95040778688,-4641.95040778688,0.0,0.0
2032,Electric Engagement,member_12,average_wind,simultaneous_commissioning,0.0,0.0,96.52253735695552,4839,1633,0,-4641.950407786882,-4641.950407786882,0.0,0.0
2032,Electric Engagement,member_12,average_wind,staggered_commissioning,0.0,0.0,96.52253735695552,4839,1633,0,-4641.950407786882,-4641.950407786882,0.0,0.0
2032,Electric Engagement,member_12,high_wind,simultaneous_commissioning,0.0,0.0,98.13878446704628,4857,1397,0,-4641.95040778688,-4641.95040778688,0.0,0.0
2032,Electric Engagement,member_12,high_wind,staggered_commissioning,0.0,0.0,98.13878446704628,4857,1397,0,-4641.95040778688,-4641.95040778688,0.0,0.0
2032,Electric Engagement,member_12,low_wind,simultaneous_commissioning,0.0,0.0,99.08727256726073,4810,1203,0,-4641.950407786882,-4641.950407786882,0.0,0.0
2032,Electric Engagement,member_12,low_wind,staggered_commissioning,0.0,0.0,99.08727256726073,4810,1203,0,-4641.950407786882,-4641.950407786882,0.0,0.0
2032,Electric Engagement,member_13,average_wind,simultaneous_commissioning,0.0,0.0,95.62439569778796,4888,1633,0,-4641.9504077868805,-4641.9504077868805,0.0,0.0
2032,Electric Engagement,member_13,average_wind,staggered_commissioning,0.0,0.0,95.62439569778796,4888,1633,0,-4641.9504077868805,-4641.9504077868805,0.0,0.0
2032,Electric Engagement,member_13,high_wind,simultaneous_commissioning,0.0,0.0,98.35251551943476,4877,1397,0,-4641.950407786878,-4641.950407786878,0.0,0.0
2032,Electric Engagement,member_13,high_wind,staggered_commissioning,0.0,0.0,98.35251551943476,4877,1397,0,-4641.950407786878,-4641.950407786878,0.0,0.0
2032,Electric Engagement,member_13,low_wind,simultaneous_commissioning,0.0,0.0,98.01943643565342,4786,1203,0,-4641.9504077868805,-4641.9504077868805,0.0,0.0
2032,Electric Engagement,member_13,low_wind,staggered_commissioning,0.0,0.0,98.01943643565342,4786,1203,0,-4641.9504077868805,-4641.9504077868805,0.0,0.0
2032,Holistic Transition,member_06,average_wind,simultaneous_commissioning,0.0,0.0,116.38780411604696,5264,1415,0,-7924.830644581043,-7924.830644581043,0.0,0.0
2032,Holistic Transition,member_06,average_wind,staggered_commissioning,0.0,0.0,116.38780411604696,5264,1415,0,-7924.830644581043,-7924.830644581043,0.0,0.0
2032,Holistic Transition,member_06,high_wind,simultaneous_commissioning,0.0,0.0,118.2427265889294,5344,1195,0,-7924.830644581045,-7924.830644581045,0.0,0.0
2032,Holistic Transition,member_06,high_wind,staggered_commissioning,0.0,0.0,118.2427265889294,5344,1195,0,-7924.830644581045,-7924.830644581045,0.0,0.0
2032,Holistic Transition,member_06,low_wind,simultaneous_commissioning,0.0,0.0,118.09879898795865,5184,1034,0,-7924.830644581043,-7924.830644581043,0.0,0.0
2032,Holistic Transition,member_06,low_wind,staggered_commissioning,0.0,0.0,118.09879898795865,5184,1034,0,-7924.830644581043,-7924.830644581043,0.0,0.0
2032,Holistic Transition,member_12,average_wind,simultaneous_commissioning,0.0,0.0,117.20792227844868,5236,1415,0,-7924.830644581041,-7924.830644581041,0.0,0.0
2032,Holistic Transition,member_12,average_wind,staggered_commissioning,0.0,0.0,117.20792227844868,5236,1415,0,-7924.830644581041,-7924.830644581041,0.0,0.0
2032,Holistic Transition,member_12,high_wind,simultaneous_commissioning,0.0,0.0,117.87632179007056,5349,1195,0,-7924.830644581043,-7924.830644581043,0.0,0.0
2032,Holistic Transition,member_12,high_wind,staggered_commissioning,0.0,0.0,117.87632179007056,5349,1195,0,-7924.830644581043,-7924.830644581043,0.0,0.0
2032,Holistic Transition,member_12,low_wind,simultaneous_commissioning,0.0,0.0,119.17246038930878,5190,1034,0,-7924.830644581041,-7924.830644581041,0.0,0.0
2032,Holistic Transition,member_12,low_wind,staggered_commissioning,0.0,0.0,119.17246038930878,5190,1034,0,-7924.830644581041,-7924.830644581041,0.0,0.0
2032,Holistic Transition,member_13,average_wind,simultaneous_commissioning,0.0,0.0,116.60940680709108,5250,1415,0,-7924.830644581043,-7924.830644581043,0.0,0.0
2032,Holistic Transition,member_13,average_wind,staggered_commissioning,0.0,0.0,116.60940680709108,5250,1415,0,-7924.830644581043,-7924.830644581043,0.0,0.0
2032,Holistic Transition,member_13,high_wind,simultaneous_commissioning,0.0,0.0,118.49001847410656,5329,1195,0,-7924.830644581045,-7924.830644581045,0.0,0.0
2032,Holistic Transition,member_13,high_wind,staggered_commissioning,0.0,0.0,118.49001847410656,5329,1195,0,-7924.830644581045,-7924.830644581045,0.0,0.0
2032,Holistic Transition,member_13,low_wind,simultaneous_commissioning,0.0,0.0,118.289050993861,5139,1034,0,-7924.830644581043,-7924.830644581043,0.0,0.0
2032,Holistic Transition,member_13,low_wind,staggered_commissioning,0.0,0.0,118.289050993861,5139,1034,0,-7924.830644581043,-7924.830644581043,0.0,0.0
2033,Electric Engagement,member_06,average_wind,simultaneous_commissioning,0.0,0.0,106.7469667077374,4908,1440,0,-5585.942052739723,-5585.942052739723,0.0,0.0
2033,Electric Engagement,member_06,average_wind,staggered_commissioning,0.0,0.0,106.7469667077374,4908,1440,0,-5585.942052739723,-5585.942052739723,0.0,0.0
2033,Electric Engagement,member_06,high_wind,simultaneous_commissioning,0.0,0.0,109.6680268373952,4874,1202,0,-5585.942052739718,-5585.942052739718,0.0,0.0
2033,Electric Engagement,member_06,high_wind,staggered_commissioning,0.0,0.0,109.6680268373952,4874,1202,0,-5585.942052739718,-5585.942052739718,0.0,0.0
2033,Electric Engagement,member_06,low_wind,simultaneous_commissioning,0.0,0.0,108.45332479364308,4808,1038,0,-5585.9420527397215,-5585.9420527397215,0.0,0.0
2033,Electric Engagement,member_06,low_wind,staggered_commissioning,0.0,0.0,108.45332479364308,4808,1038,0,-5585.9420527397215,-5585.9420527397215,0.0,0.0
2033,Electric Engagement,member_12,average_wind,simultaneous_commissioning,0.0,0.0,105.7651125440589,4930,1440,0,-5585.942052739726,-5585.942052739726,0.0,0.0
2033,Electric Engagement,member_12,average_wind,staggered_commissioning,0.0,0.0,105.7651125440589,4930,1440,0,-5585.942052739726,-5585.942052739726,0.0,0.0
2033,Electric Engagement,member_12,high_wind,simultaneous_commissioning,0.0,0.0,107.82740595868488,4868,1202,0,-5585.942052739721,-5585.942052739721,0.0,0.0
2033,Electric Engagement,member_12,high_wind,staggered_commissioning,0.0,0.0,107.82740595868488,4868,1202,0,-5585.942052739721,-5585.942052739721,0.0,0.0
2033,Electric Engagement,member_12,low_wind,simultaneous_commissioning,0.0,0.0,109.78671430604166,4824,1038,0,-5585.942052739724,-5585.942052739724,0.0,0.0
2033,Electric Engagement,member_12,low_wind,staggered_commissioning,0.0,0.0,109.78671430604166,4824,1038,0,-5585.942052739724,-5585.942052739724,0.0,0.0
2033,Electric Engagement,member_13,average_wind,simultaneous_commissioning,0.0,0.0,104.37320860459477,4971,1440,0,-5585.942052739725,-5585.942052739725,0.0,0.0
2033,Electric Engagement,member_13,average_wind,staggered_commissioning,0.0,0.0,104.37320860459477,4971,1440,0,-5585.942052739725,-5585.942052739725,0.0,0.0
2033,Electric Engagement,member_13,high_wind,simultaneous_commissioning,0.0,0.0,107.5928107689513,4922,1202,0,-5585.94205273972,-5585.94205273972,0.0,0.0
2033,Electric Engagement,member_13,high_wind,staggered_commissioning,0.0,0.0,107.5928107689513,4922,1202,0,-5585.94205273972,-5585.94205273972,0.0,0.0
2033,Electric Engagement,member_13,low_wind,simultaneous_commissioning,0.0,0.0,108.0331565881878,4795,1038,0,-5585.942052739723,-5585.942052739723,0.0,0.0
2033,Electric Engagement,member_13,low_wind,staggered_commissioning,0.0,0.0,108.0331565881878,4795,1038,0,-5585.942052739723,-5585.942052739723,0.0,0.0
2033,Holistic Transition,member_06,average_wind,simultaneous_commissioning,0.0,0.0,145.54478177759714,5485,1100,0,-11361.491139497724,-11361.491139497724,0.0,0.0
2033,Holistic Transition,member_06,average_wind,staggered_commissioning,0.0,0.0,145.54478177759714,5485,1100,0,-11361.491139497724,-11361.491139497724,0.0,0.0
2033,Holistic Transition,member_06,high_wind,simultaneous_commissioning,0.0,0.0,147.30090370191974,5524,946,0,-11361.491139497715,-11361.491139497715,0.0,0.0
2033,Holistic Transition,member_06,high_wind,staggered_commissioning,0.0,0.0,147.30090370191974,5524,946,0,-11361.491139497715,-11361.491139497715,0.0,0.0
2033,Holistic Transition,member_06,low_wind,simultaneous_commissioning,0.0,0.0,145.91934471759308,5431,792,0,-11361.491139497724,-11361.491139497724,0.0,0.0
2033,Holistic Transition,member_06,low_wind,staggered_commissioning,0.0,0.0,145.91934471759308,5431,792,0,-11361.491139497724,-11361.491139497724,0.0,0.0
2033,Holistic Transition,member_12,average_wind,simultaneous_commissioning,0.0,0.0,144.78200925000243,5497,1100,0,-11361.49113949772,-11361.49113949772,0.0,0.0
2033,Holistic Transition,member_12,average_wind,staggered_commissioning,0.0,0.0,144.78200925000243,5497,1100,0,-11361.49113949772,-11361.49113949772,0.0,0.0
2033,Holistic Transition,member_12,high_wind,simultaneous_commissioning,0.0,0.0,145.5446744026477,5553,946,0,-11361.491139497715,-11361.491139497715,0.0,0.0
2033,Holistic Transition,member_12,high_wind,staggered_commissioning,0.0,0.0,145.5446744026477,5553,946,0,-11361.491139497715,-11361.491139497715,0.0,0.0
2033,Holistic Transition,member_12,low_wind,simultaneous_commissioning,0.0,0.0,147.28500858873358,5432,792,0,-11361.491139497724,-11361.491139497724,0.0,0.0
2033,Holistic Transition,member_12,low_wind,staggered_commissioning,0.0,0.0,147.28500858873358,5432,792,0,-11361.491139497724,-11361.491139497724,0.0,0.0
2033,Holistic Transition,member_13,average_wind,simultaneous_commissioning,0.0,0.0,143.71916483743036,5518,1100,0,-11361.49113949772,-11361.49113949772,0.0,0.0
2033,Holistic Transition,member_13,average_wind,staggered_commissioning,0.0,0.0,143.71916483743036,5518,1100,0,-11361.49113949772,-11361.49113949772,0.0,0.0
2033,Holistic Transition,member_13,high_wind,simultaneous_commissioning,0.0,0.0,145.35265762364045,5536,946,0,-11361.491139497715,-11361.491139497715,0.0,0.0
2033,Holistic Transition,member_13,high_wind,staggered_commissioning,0.0,0.0,145.35265762364045,5536,946,0,-11361.491139497715,-11361.491139497715,0.0,0.0
2033,Holistic Transition,member_13,low_wind,simultaneous_commissioning,0.0,0.0,145.51712334781493,5417,792,0,-11361.491139497724,-11361.491139497724,0.0,0.0
2033,Holistic Transition,member_13,low_wind,staggered_commissioning,0.0,0.0,145.51712334781493,5417,792,0,-11361.491139497724,-11361.491139497724,0.0,0.0
2034,Electric Engagement,member_06,average_wind,simultaneous_commissioning,0.0,0.0,110.696606372829,4855,1304,0,-5712.279952283103,-5712.279952283103,0.0,0.0
2034,Electric Engagement,member_06,average_wind,staggered_commissioning,0.0,0.0,110.696606372829,4855,1304,0,-5712.279952283103,-5712.279952283103,0.0,0.0
2034,Electric Engagement,member_06,high_wind,simultaneous_commissioning,0.0,0.0,113.68711570480396,4872,1083,0,-5712.279952283103,-5712.279952283103,0.0,0.0
2034,Electric Engagement,member_06,high_wind,staggered_commissioning,0.0,0.0,113.68711570480396,4872,1083,0,-5712.279952283103,-5712.279952283103,0.0,0.0
2034,Electric Engagement,member_06,low_wind,simultaneous_commissioning,0.0,0.0,114.2522405812959,4768,967,0,-5712.279952283104,-5712.279952283104,0.0,0.0
2034,Electric Engagement,member_06,low_wind,staggered_commissioning,0.0,0.0,114.2522405812959,4768,967,0,-5712.279952283104,-5712.279952283104,0.0,0.0
2034,Electric Engagement,member_12,average_wind,simultaneous_commissioning,0.0,0.0,110.0956578695691,4797,1304,0,-5712.279952283104,-5712.279952283104,0.0,0.0
2034,Electric Engagement,member_12,average_wind,staggered_commissioning,0.0,0.0,110.0956578695691,4797,1304,0,-5712.279952283104,-5712.279952283104,0.0,0.0
2034,Electric Engagement,member_12,high_wind,simultaneous_commissioning,0.0,0.0,111.42724187328622,4875,1083,0,-5712.279952283104,-5712.279952283104,0.0,0.0
2034,Electric Engagement,member_12,high_wind,staggered_commissioning,0.0,0.0,111.42724187328622,4875,1083,0,-5712.279952283104,-5712.279952283104,0.0,0.0
2034,Electric Engagement,member_12,low_wind,simultaneous_commissioning,0.0,0.0,113.53444562669308,4760,967,0,-5712.2799522831065,-5712.2799522831065,0.0,0.0
2034,Electric Engagement,member_12,low_wind,staggered_commissioning,0.0,0.0,113.53444562669308,4760,967,0,-5712.2799522831065,-5712.2799522831065,0.0,0.0
2034,Electric Engagement,member_13,average_wind,simultaneous_commissioning,0.0,0.0,110.06113682592184,4890,1304,0,-5712.279952283102,-5712.279952283102,0.0,0.0
2034,Electric Engagement,member_13,average_wind,staggered_commissioning,0.0,0.0,110.06113682592184,4890,1304,0,-5712.279952283102,-5712.279952283102,0.0,0.0
2034,Electric Engagement,member_13,high_wind,simultaneous_commissioning,0.0,0.0,112.92273896571984,4852,1083,0,-5712.279952283102,-5712.279952283102,0.0,0.0
2034,Electric Engagement,member_13,high_wind,staggered_commissioning,0.0,0.0,112.92273896571984,4852,1083,0,-5712.279952283102,-5712.279952283102,0.0,0.0
2034,Electric Engagement,member_13,low_wind,simultaneous_commissioning,0.0,0.0,114.57911005099574,4746,967,0,-5712.279952283103,-5712.279952283103,0.0,0.0
2034,Electric Engagement,member_13,low_wind,staggered_commissioning,0.0,0.0,114.57911005099574,4746,967,0,-5712.279952283103,-5712.279952283103,0.0,0.0
2034,Holistic Transition,member_06,average_wind,simultaneous_commissioning,0.0,0.0,163.8554400172326,5601,941,0,-13545.445477397268,-13545.445477397268,0.0,0.0
2034,Holistic Transition,member_06,average_wind,staggered_commissioning,0.0,0.0,163.8554400172326,5601,941,0,-13545.445477397268,-13545.445477397268,0.0,0.0
2034,Holistic Transition,member_06,high_wind,simultaneous_commissioning,0.0,0.0,165.2989872081369,5661,772,0,-13545.445477397268,-13545.445477397268,0.0,0.0
2034,Holistic Transition,member_06,high_wind,staggered_commissioning,0.0,0.0,165.2989872081369,5661,772,0,-13545.445477397268,-13545.445477397268,0.0,0.0
2034,Holistic Transition,member_06,low_wind,simultaneous_commissioning,0.0,0.0,165.4372684650579,5525,656,0,-13545.445477397265,-13545.445477397265,0.0,0.0
2034,Holistic Transition,member_06,low_wind,staggered_commissioning,0.0,0.0,165.4372684650579,5525,656,0,-13545.445477397265,-13545.445477397265,0.0,0.0
2034,Holistic Transition,member_12,average_wind,simultaneous_commissioning,0.0,0.0,163.23418295559796,5560,941,0,-13545.445477397265,-13545.445477397265,0.0,0.0
2034,Holistic Transition,member_12,average_wind,staggered_commissioning,0.0,0.0,163.23418295559796,5560,941,0,-13545.445477397265,-13545.445477397265,0.0,0.0
2034,Holistic Transition,member_12,high_wind,simultaneous_commissioning,0.0,0.0,163.1274562195787,5698,772,0,-13545.445477397265,-13545.445477397265,0.0,0.0
2034,Holistic Transition,member_12,high_wind,staggered_commissioning,0.0,0.0,163.1274562195787,5698,772,0,-13545.445477397265,-13545.445477397265,0.0,0.0
2034,Holistic Transition,member_12,low_wind,simultaneous_commissioning,0.0,0.0,164.84154984861564,5508,656,0,-13545.44547739726,-13545.44547739726,0.0,0.0
2034,Holistic Transition,member_12,low_wind,staggered_commissioning,0.0,0.0,164.84154984861564,5508,656,0,-13545.44547739726,-13545.44547739726,0.0,0.0
2034,Holistic Transition,member_13,average_wind,simultaneous_commissioning,0.0,0.0,163.34998925063812,5618,941,0,-13545.44547739726,-13545.44547739726,0.0,0.0
2034,Holistic Transition,member_13,average_wind,staggered_commissioning,0.0,0.0,163.34998925063812,5618,941,0,-13545.44547739726,-13545.44547739726,0.0,0.0
2034,Holistic Transition,member_13,high_wind,simultaneous_commissioning,0.0,0.0,164.25410827388444,5664,772,0,-13545.445477397265,-13545.445477397265,0.0,0.0
2034,Holistic Transition,member_13,high_wind,staggered_commissioning,0.0,0.0,164.25410827388444,5664,772,0,-13545.445477397265,-13545.445477397265,0.0,0.0
2034,Holistic Transition,member_13,low_wind,simultaneous_commissioning,0.0,0.0,165.39959945748123,5512,656,0,-13545.44547739726,-13545.44547739726,0.0,0.0
2034,Holistic Transition,member_13,low_wind,staggered_commissioning,0.0,0.0,165.39959945748123,5512,656,0,-13545.44547739726,-13545.44547739726,0.0,0.0
2035,Electric Engagement,member_06,average_wind,simultaneous_commissioning,11.50701,5.009757700987664,123.89644154233156,5056,1184,1135,-6344.171504794523,-7657.757121232879,1313.585616438356,571.8901485145735
2035,Electric Engagement,member_06,average_wind,staggered_commissioning,3.83567,1.6984134207590498,119.5364458225602,4945,1184,1113,-6344.171504794523,-6782.033376940642,437.86187214611874,193.8828105889326
2035,Electric Engagement,member_06,high_wind,simultaneous_commissioning,11.50701,4.969936132916303,127.26053372682875,5107,996,963,-6344.171504794515,-7657.757121232871,1313.585616438356,567.3443074105369
2035,Electric Engagement,member_06,high_wind,staggered_commissioning,3.83567,1.6784208432834191,122.88070901646164,5007,996,943,-6344.171504794515,-6782.033376940634,437.86187214611874,191.60055288623505
2035,Electric Engagement,member_06,low_wind,simultaneous_commissioning,11.50701,5.006576134086966,128.0015609077969,5007,882,840,-6344.171504794517,-7657.757121232873,1313.585616438356,571.5269559460007
2035,Electric Engagement,member_06,low_wind,staggered_commissioning,3.83567,1.695417972862181,123.64137906902168,4894,882,825,-6344.171504794517,-6782.033376940636,437.86187214611874,193.54086448198413
2035,Electric Engagement,member_12,average_wind,simultaneous_commissioning,11.50701,5.0852942222968975,124.30457424701116,5053,1184,1132,-6344.171504794521,-7657.757121232877,1313.585616438356,580.5130390749883
2035,Electric Engagement,member_12,average_wind,staggered_commissioning,3.83567,1.729955133439961,119.98857333586813,4923,1184,1111,-6344.171504794521,-6782.033376940639,437.86187214611874,197.48346272145676
2035,Electric Engagement,member_12,high_wind,simultaneous_commissioning,11.50701,5.019874745311882,128.16048844858216,5105,996,961,-6344.171504794514,-7657.757121232869,1313.585616438356,573.0450622502148
2035,Electric Engagement,member_12,high_wind,staggered_commissioning,3.83567,1.695837830771096,123.81318536312294,5000,996,941,-6344.171504794514,-6782.0333769406325,437.86187214611874,193.5887934670201
2035,Electric Engagement,member_12,low_wind,simultaneous_commissioning,11.50701,5.061569979956273,127.46617470356776,4988,882,842,-6344.1715047945145,-7657.75712123287,1313.585616438356,577.8047922324514
2035,Electric Engagement,member_12,low_wind,staggered_commissioning,3.83567,1.7122933969704603,123.14411128655355,4873,882,827,-6344.1715047945145,-6782.033376940633,437.86187214611874,195.46728275918497
2035,Electric Engagement,member_13,average_wind,simultaneous_commissioning,11.50701,5.042496677104987,125.38390151804003,5034,1184,1146,-6344.171504794521,-7657.757121232877,1313.585616438356,575.6274745553638
2035,Electric Engagement,member_13,average_wind,staggered_commissioning,3.83567,1.7104203865198884,121.04463780862513,4930,1184,1124,-6344.171504794521,-6782.033376940639,437.86187214611874,195.25346878080916
2035,Electric Engagement,member_13,high_wind,simultaneous_commissioning,11.50701,5.015502675346282,127.99737731447112,5097,996,968,-6344.171504794513,-7657.757121232869,1313.585616438356,572.5459675052831
2035,Electric Engagement,member_13,high_wind,staggered_commissioning,3.83567,1.699127123628313,123.64241286618908,4979,996,948,-6344.171504794513,-6782.033376940632,437.86187214611874,193.96428351921384
2035,Electric Engagement,member_13,low_wind,simultaneous_commissioning,11.50701,5.039786958206394,127.59719401762362,4980,882,844,-6344.1715047945145,-7657.75712123287,1313.585616438356,575.318145913972
2035,Electric Engagement,member_13,low_wind,staggered_commissioning,3.83567,1.7063112256115267,123.25932975021848,4878,882,829,-6344.1715047945145,-6782.033376940633,437.86187214611874,194.7843864853341
2035,Holistic Transition,member_06,average_wind,simultaneous_commissioning,11.50701,4.200348620256728,177.95267165561498,5707,871,858,-14114.88954132419,-15428.475157762548,1313.585616438356,479.4918516274804
2035,Holistic Transition,member_06,average_wind,staggered_commissioning,3.83567,1.4256931058778637,173.05598716999384,5621,871,842,-14114.88954132419,-14552.751413470309,437.86187214611874,162.7503545522675
2035,Holistic Transition,member_06,high_wind,simultaneous_commissioning,11.50701,4.079749714512037,180.341702498418,5809,686,680,-14114.889541324184,-15428.47515776254,1313.585616438356,465.7248532547987
2035,Holistic Transition,member_06,high_wind,staggered_commissioning,3.83567,1.3796787927422542,175.37043342018777,5723,686,662,-14114.889541324184,-14552.751413470303,437.86187214611874,157.49757908016602
2035,Holistic Transition,member_06,low_wind,simultaneous_commissioning,11.50701,4.160507611740116,180.3259951086272,5681,589,577,-14114.889541324188,-15428.475157762548,1313.585616438356,474.9437912945338
2035,Holistic Transition,member_06,low_wind,staggered_commissioning,3.83567,1.4123049135877648,175.40285780677954,5586,589,570,-14114.889541324188,-14552.751413470309,437.86187214611874,161.2220220990599
2035,Holistic Transition,member_12,average_wind,simultaneous_commissioning,11.50701,4.243405354908205,178.57639336430194,5708,871,857,-14114.889541324192,-15428.475157762548,1313.585616438356,484.407003984955
2035,Holistic Transition,member_12,average_wind,staggered_commissioning,3.83567,1.4440625866130683,173.70439613259708,5611,871,841,-14114.889541324192,-14552.75141347031,437.86187214611874,164.84732723893475
2035,Holistic Transition,member_12,high_wind,simultaneous_commissioning,11.50701,4.099801984114994,181.38331510637897,5795,686,679,-14114.889541324186,-15428.47515776254,1313.585616438356,468.0139251272825
2035,Holistic Transition,member_12,high_wind,staggered_commissioning,3.83567,1.3840578982307503,176.42771919226325,5704,686,661,-14114.889541324186,-14552.751413470303,437.86187214611874,157.99747696698066
2035,Holistic Transition,member_12,low_wind,simultaneous_commissioning,11.50701,4.16290099067385,179.91006814542718,5694,589,577,-14114.88954132419,-15428.475157762548,1313.585616438356,475.2170080677911
2035,Holistic Transition,member_12,low_wind,staggered_commissioning,3.83567,1.4141302554381066,174.9874988806629,5582,589,570,-14114.88954132419,-14552.751413470309,437.86187214611874,161.43039445640488
2035,Holistic Transition,member_13,average_wind,simultaneous_commissioning,11.50701,4.28399305528636,179.5523914850148,5656,871,864,-14114.88954132419,-15428.475157762548,1313.585616438356,489.0403031148813
2035,Holistic Transition,member_13,average_wind,staggered_commissioning,3.83567,1.455235064065307,174.70980947623588,5557,871,848,-14114.88954132419,-14552.751413470309,437.86187214611874,166.12272420836837
2035,Holistic Transition,member_13,high_wind,simultaneous_commissioning,11.50701,4.128317905515747,181.05836703841385,5778,686,682,-14114.889541324186,-15428.47515776254,1313.585616438356,471.2691672963182
2035,Holistic Transition,member_13,high_wind,staggered_commissioning,3.83567,1.3946414168586787,176.1207035270709,5685,686,664,-14114.889541324186,-14552.751413470303,437.86187214611874,159.20564119391312
2035,Holistic Transition,member_13,low_wind,simultaneous_commissioning,11.50701,4.222042365447829,180.08947692787666,5636,589,579,-14114.88954132419,-15428.475157762548,1313.585616438356,481.9683065579714
2035,Holistic Transition,member_13,low_wind,staggered_commissioning,3.83567,1.4304516795733793,175.2097276137511,5546,589,572,-14114.88954132419,-14552.751413470309,437.86187214611874,163.2935707275547
2036,Electric Engagement,member_06,average_wind,simultaneous_commissioning,12.13728,5.429803303456124,135.44819847585055,4930,1028,1015,-6500.996400500906,-7882.745034380687,1381.7486338797814,618.1470063133111
2036,Electric Engagement,member_06,average_wind,staggered_commissioning,7.89271,3.5840396930683753,133.04939208623833,4878,1028,1015,-6500.996400500906,-7399.528959699448,898.5325591985428,408.0190907409352
2036,Electric Engagement,member_06,high_wind,simultaneous_commissioning,12.13728,5.260448808384387,136.0770102225204,5055,822,805,-6500.996400500905,-7882.745034380685,1381.7486338797814,598.8671229945795
2036,Electric Engagement,member_06,high_wind,staggered_commissioning,7.89271,3.493112892870767,133.599776138034,4994,822,805,-6500.996400500905,-7399.528959699447,898.5325591985428,397.66767906087966
2036,Electric Engagement,member_06,low_wind,simultaneous_commissioning,12.13728,5.3796457821989945,135.0910345736071,4986,727,711,-6500.996400500899,-7882.74503438068,1381.7486338797814,612.4369059880459
2036,Electric Engagement,member_06,low_wind,staggered_commissioning,7.89271,3.530120847287604,132.6959895085185,4915,727,711,-6500.996400500899,-7399.528959699442,898.5325591985428,401.88078862563793
2036,Electric Engagement,member_12,average_wind,simultaneous_commissioning,12.13728,5.364666254667365,133.777994270656,4987,1028,1006,-6500.996400500906,-7882.745034380689,1381.7486338797814,610.7315863692355
2036,Electric Engagement,member_12,average_wind,staggered_commissioning,7.89271,3.536037068411929,131.36205345691144,4925,1028,1006,-6500.996400500906,-7399.528959699449,898.5325591985428,402.5543110669318
2036,Electric Engagement,member_12,high_wind,simultaneous_commissioning,12.13728,5.206934931465896,135.16177877236487,5094,822,804,-6500.996400500906,-7882.745034380687,1381.7486338797814,592.7749238918369
2036,Electric Engagement,member_12,high_wind,staggered_commissioning,7.89271,3.453503518687259,132.67064018514347,5036,822,804,-6500.996400500906,-7399.528959699448,898.5325591985428,393.1584151510996
2036,Electric Engagement,member_12,low_wind,simultaneous_commissioning,12.13728,5.3634923970868575,136.79256080282977,4991,727,714,-6500.996400500901,-7882.745034380682,1381.7486338797814,610.5979504880303
2036,Electric Engagement,member_12,low_wind,staggered_commissioning,7.89271,3.516757066240633,134.394726133676,4936,727,714,-6500.996400500901,-7399.5289596994435,898.5325591985428,400.35941100189353
2036,Electric Engagement,member_13,average_wind,simultaneous_commissioning,12.13728,5.352205034563942,133.98587121768722,4991,1028,1007,-6500.996400500913,-7882.745034380694,1381.7486338797814,609.3129593082812
2036,Electric Engagement,member_13,average_wind,staggered_commissioning,7.89271,3.5330553315357984,131.56045092071537,4938,1028,1007,-6500.996400500913,-7399.528959699456,898.5325591985428,402.2148601475181
2036,Electric Engagement,member_13,high_wind,simultaneous_commissioning,12.13728,5.25525934742091,134.8483365770417,5060,822,808,-6500.9964005009115,-7882.745034380694,1381.7486338797814,598.2763373657685
2036,Electric Engagement,member_13,high_wind,staggered_commissioning,7.89271,3.491686132571382,132.36733979189125,4999,822,808,-6500.9964005009115,-7399.528959699454,898.5325591985428,397.5052518865417
2036,Electric Engagement,member_13,low_wind,simultaneous_commissioning,12.13728,5.373504526239335,135.00444348089795,4973,727,718,-6500.996400500906,-7882.745034380689,1381.7486338797814,611.7377648268824
2036,Electric Engagement,member_13,low_wind,staggered_commissioning,7.89271,3.5239971826820664,132.6093808244552,4921,727,718,-6500.996400500906,-7399.528959699449,898.5325591985428,401.18365012318606
2036,Holistic Transition,member_06,average_wind,simultaneous_commissioning,12.13728,4.85416895245423,170.1021709589183,5338,848,846,-11586.7967192623,-12968.54535314208,1381.7486338797814,552.6148625289425
2036,Holistic Transition,member_06,average_wind,staggered_commissioning,7.89271,3.2174972432749933,167.49427266809755,5297,848,846,-11586.7967192623,-12485.329278460842,898.5325591985428,366.2906697717433
2036,Holistic Transition,member_06,high_wind,simultaneous_commissioning,12.13728,4.557317330986596,170.02296585021,5552,661,652,-11586.7967192623,-12968.54535314208,1381.7486338797814,518.8202790285286
2036,Holistic Transition,member_06,high_wind,staggered_commissioning,7.89271,3.0397478370069013,167.2959653441897,5506,661,652,-11586.7967192623,-12485.329278460842,898.5325591985428,346.05508162646873
2036,Holistic Transition,member_06,low_wind,simultaneous_commissioning,12.13728,4.757477188529045,168.8902028943113,5422,571,568,-11586.796719262302,-12968.545353142084,1381.7486338797814,541.6071480565853
2036,Holistic Transition,member_06,low_wind,staggered_commissioning,7.89271,3.1348355153524903,166.26827456748788,5357,571,568,-11586.796719262302,-12485.329278460844,898.5325591985428,356.8801816202744
2036,Holistic Transition,member_12,average_wind,simultaneous_commissioning,12.13728,4.810039310669491,168.61229682519593,5377,848,842,-11586.7967192623,-12968.54535314208,1381.7486338797814,547.5909962055432
2036,Holistic Transition,member_12,average_wind,staggered_commissioning,7.89271,3.1822140470529328,165.99555208881247,5333,848,842,-11586.7967192623,-12485.329278460842,898.5325591985428,362.2739124604887
2036,Holistic Transition,member_12,high_wind,simultaneous_commissioning,12.13728,4.486753597987056,169.27047648240924,5602,661,652,-11586.7967192623,-12968.54535314208,1381.7486338797814,510.7870671661038
2036,Holistic Transition,member_12,high_wind,staggered_commissioning,7.89271,2.9899210323209258,166.52273904807538,5558,661,652,-11586.7967192623,-12485.329278460842,898.5325591985428,340.3826311840762
2036,Holistic Transition,member_12,low_wind,simultaneous_commissioning,12.13728,4.746444709548343,170.43077319795242,5423,571,566,-11586.796719262302,-12968.545353142084,1381.7486338797814,540.3511736735364
2036,Holistic Transition,member_12,low_wind,staggered_commissioning,7.89271,3.124446432569563,167.80820147493122,5370,571,566,-11586.796719262302,-12485.329278460844,898.5325591985428,355.6974536167536
2036,Holistic Transition,member_13,average_wind,simultaneous_commissioning,12.13728,4.8087772317656,168.90471804616843,5382,848,845,-11586.796719262296,-12968.54535314208,1381.7486338797814,547.4473169132058
2036,Holistic Transition,member_13,average_wind,staggered_commissioning,7.89271,3.1906963898037928,166.27822888813026,5326,848,845,-11586.796719262296,-12485.32927846084,898.5325591985428,363.23957078822775
2036,Holistic Transition,member_13,high_wind,simultaneous_commissioning,12.13728,4.567927521522927,168.928674577116,5544,661,653,-11586.796719262296,-12968.54535314208,1381.7486338797814,520.0281786797503
2036,Holistic Transition,member_13,high_wind,staggered_commissioning,7.89271,3.045797537366745,166.20623456127217,5501,661,653,-11586.796719262296,-12485.32927846084,898.5325591985428,346.7437997912961
2036,Holistic Transition,member_13,low_wind,simultaneous_commissioning,12.13728,4.779794541386248,168.8510911804335,5407,571,568,-11586.796719262296,-12968.54535314208,1381.7486338797814,544.1478303035345
2036,Holistic Transition,member_13,low_wind,staggered_commissioning,7.89271,3.14523521681727,166.2410805050025,5341,571,568,-11586.796719262296,-12485.32927846084,898.5325591985428,358.06411849012636
2037,Electric Engagement,member_06,average_wind,simultaneous_commissioning,11.50701,5.163893261910545,141.51152529350836,4989,929,909,-6945.171504794509,-8258.757121232866,1313.585616438356,589.4855321815689
2037,Electric Engagement,member_06,average_wind,staggered_commissioning,11.70629,5.216811269513691,141.6578872859052,4995,929,909,-6945.171504794509,-8281.505979680354,1336.3344748858449,595.5264006294169
2037,Electric Engagement,member_06,high_wind,simultaneous_commissioning,11.50701,5.072167340256792,141.49745650457925,5082,740,736,-6945.171504794505,-8258.757121232862,1313.585616438356,579.0145365589945
2037,Electric Engagement,member_06,high_wind,staggered_commissioning,11.70629,5.106743282133623,141.6621605627024,5087,740,736,-6945.171504794505,-8281.50597968035,1336.3344748858449,582.9615618873999
2037,Electric Engagement,member_06,low_wind,simultaneous_commissioning,11.50701,5.083391092516997,141.67316961301017,4962,631,621,-6945.171504794505,-8258.757121232862,1313.585616438356,580.2957868170088
2037,Electric Engagement,member_06,low_wind,staggered_commissioning,11.70629,5.165180683328994,141.79066002219815,4967,631,622,-6945.171504794505,-8281.50597968035,1336.3344748858449,589.632498096917
2037,Electric Engagement,member_12,average_wind,simultaneous_commissioning,11.50701,5.133492684640598,139.98914990669363,5012,929,912,-6945.171504794518,-8258.757121232873,1313.585616438356,586.01514664847
2037,Electric Engagement,member_12,average_wind,staggered_commissioning,11.70629,5.184395454918212,140.13752713641605,5014,929,912,-6945.171504794518,-8281.505979680362,1336.3344748858449,591.8259651733119
2037,Electric Engagement,member_12,high_wind,simultaneous_commissioning,11.50701,4.9941876786876875,140.70746446299242,5137,740,735,-6945.171504794514,-8258.75712123287,1313.585616438356,570.1127487086402
2037,Electric Engagement,member_12,high_wind,staggered_commissioning,11.70629,5.031211203294769,140.86972093838537,5139,740,735,-6945.171504794514,-8281.505979680358,1336.3344748858449,574.339178458307
2037,Electric Engagement,member_12,low_wind,simultaneous_commissioning,11.50701,5.027762246573113,141.36716655547406,5011,631,624,-6945.171504794513,-8258.75712123287,1313.585616438356,573.9454619375699
2037,Electric Engagement,member_12,low_wind,staggered_commissioning,11.70629,5.113117305219527,141.48109149682764,5016,631,625,-6945.171504794513,-8281.505979680358,1336.3344748858449,583.6891900935533
2037,Electric Engagement,member_13,average_wind,simultaneous_commissioning,11.50701,5.120171026493397,139.6920922367212,5030,929,908,-6945.17150479452,-8258.757121232875,1313.585616438356,584.4944094170544
2037,Electric Engagement,member_13,average_wind,staggered_commissioning,11.70629,5.170889698213658,139.84065356500096,5030,929,908,-6945.17150479452,-8281.505979680363,1336.3344748858449,590.2842121248468
2037,Electric Engagement,member_13,high_wind,simultaneous_commissioning,11.50701,5.0092583169348694,140.1192224228177,5130,740,730,-6945.171504794515,-8258.757121232871,1313.585616438356,571.8331412026107
2037,Electric Engagement,member_13,high_wind,staggered_commissioning,11.70629,5.044565102252062,140.2831956375005,5130,740,730,-6945.171504794515,-8281.50597968036,1336.3344748858449,575.8635961474956
2037,Electric Engagement,member_13,low_wind,simultaneous_commissioning,11.50701,5.060935531176734,141.23754164003216,4966,631,622,-6945.1715047945145,-8258.757121232871,1313.585616438356,577.7323665726866
2037,Electric Engagement,member_13,low_wind,staggered_commissioning,11.70629,5.147307942586552,141.35044922862238,4972,631,623,-6945.1715047945145,-8281.50597968036,1336.3344748858449,587.5922308888759
2037,Holistic Transition,member_06,average_wind,simultaneous_commissioning,11.50701,4.851872032426854,163.90391454035074,5234,835,833,-10386.314198858445,-11699.899815296802,1313.585616438356,553.8666703683624
2037,Holistic Transition,member_06,average_wind,staggered_commissioning,11.70629,4.897072011880854,164.05799456089673,5235,835,833,-10386.314198858445,-11722.64867374429,1336.3344748858449,559.0264853745267
2037,Holistic Transition,member_06,high_wind,simultaneous_commissioning,11.50701,4.669232029003328,163.07730042657388,5420,640,639,-10386.314198858448,-11699.899815296803,1313.585616438356,533.0173549090558
2037,Holistic Transition,member_06,high_wind,staggered_commissioning,11.70629,4.682188008589499,163.2636244469877,5417,640,639,-10386.314198858448,-11722.648673744292,1336.3344748858449,534.4963480124999
2037,Holistic Transition,member_06,low_wind,simultaneous_commissioning,11.50701,4.736987390030576,162.870081407443,5254,536,536,-10386.31419885845,-11699.899815296809,1313.585616438356,540.7519851633077
2037,Holistic Transition,member_06,low_wind,staggered_commissioning,11.70629,4.807511549769722,162.99883724770385,5256,536,536,-10386.31419885845,-11722.648673744296,1336.3344748858449,548.8026883298769
2037,Holistic Transition,member_12,average_wind,simultaneous_commissioning,11.50701,4.840516964942714,162.54337223332192,5234,835,833,-10386.314198858452,-11699.899815296809,1313.585616438356,552.5704297879811
2037,Holistic Transition,member_12,average_wind,staggered_commissioning,11.70629,4.881822060037071,162.70134713822753,5233,835,833,-10386.314198858452,-11722.648673744296,1336.3344748858449,557.2856232919031
2037,Holistic Transition,member_12,high_wind,simultaneous_commissioning,11.50701,4.6130420413828155,162.48265181418742,5451,640,639,-10386.314198858452,-11699.899815296809,1313.585616438356,526.6029727605955
2037,Holistic Transition,member_12,high_wind,staggered_commissioning,11.70629,4.627282091078896,162.6676917644913,5454,640,639,-10386.314198858452,-11722.648673744296,1336.3344748858449,528.2285492099197
2037,Holistic Transition,member_12,low_wind,simultaneous_commissioning,11.50701,4.686084782325471,162.70224862607105,5276,536,534,-10386.314198858458,-11699.899815296814,1313.585616438356,534.9411851969716
2037,Holistic Transition,member_12,low_wind,staggered_commissioning,11.70629,4.758103322652217,162.82951008574435,5279,536,534,-10386.314198858458,-11722.648673744305,1336.3344748858449,543.1624797548194
2037,Holistic Transition,member_13,average_wind,simultaneous_commissioning,11.50701,4.789434384082403,162.28967712403266,5282,835,832,-10386.314198858448,-11699.899815296803,1313.585616438356,546.7390849409136
2037,Holistic Transition,member_13,average_wind,staggered_commissioning,11.70629,4.833945327066707,162.4444461810484,5288,835,832,-10386.314198858448,-11722.648673744294,1336.3344748858449,551.8202428158341
2037,Holistic Transition,member_13,high_wind,simultaneous_commissioning,11.50701,4.615260766328403,161.79205575945346,5442,640,637,-10386.31419885845,-11699.899815296809,1313.585616438356,526.8562518639731
2037,Holistic Transition,member_13,high_wind,staggered_commissioning,11.70629,4.638954787045866,161.96764173873603,5446,640,637,-10386.31419885845,-11722.648673744296,1336.3344748858449,529.5610487495281
2037,Holistic Transition,member_13,low_wind,simultaneous_commissioning,11.50701,4.716789438952624,162.44137924437177,5249,536,535,-10386.314198858454,-11699.89981529681,1313.585616438356,538.4462829854593
2037,Holistic Transition,member_13,low_wind,staggered_commissioning,11.70629,4.791427792665385,162.56602089065896,5251,536,535,-10386.314198858454,-11722.6486737443,1336.3344748858449,546.9666429983317
2038,Electric Engagement,member_06,average_wind,simultaneous_commissioning,12.10485,5.356325610138912,140.28576793735658,4953,878,863,-6175.653239954337,-7557.485431735159,1381.832191780822,611.4526952213371
2038,Electric Engagement,member_06,average_wind,staggered_commissioning,11.90557,5.298284210966087,140.14452933652944,4953,878,863,-6175.653239954337,-7534.736573287671,1359.0833333333333,604.826964722156
2038,Electric Engagement,member_06,high_wind,simultaneous_commissioning,12.10485,5.287852778055761,141.6477341921434,5009,693,685,-6175.6532399543385,-7557.485431735161,1381.832191780822,603.6361618785115
2038,Electric Engagement,member_06,high_wind,staggered_commissioning,11.90557,5.2415696724530605,141.4947372977461,5010,693,685,-6175.6532399543385,-7534.736573287672,1359.0833333333333,598.3527023348242
2038,Electric Engagement,member_06,low_wind,simultaneous_commissioning,12.10485,5.493463746576472,142.08681197805947,4848,552,547,-6175.653239954342,-7557.485431735164,1381.832191780822,627.1077336274511
2038,Electric Engagement,member_06,low_wind,staggered_commissioning,11.90557,5.401794319227904,141.97920140540805,4848,552,547,-6175.653239954342,-7534.736573287675,1359.0833333333333,616.6431871264732
2038,Electric Engagement,member_12,average_wind,simultaneous_commissioning,12.10485,5.3227585043317545,137.01481533530935,4975,878,858,-6175.653239954335,-7557.485431735157,1381.832191780822,607.620833827826
2038,Electric Engagement,member_12,average_wind,staggered_commissioning,11.90557,5.261775046090132,136.87651879355096,4971,878,858,-6175.653239954335,-7534.736573287669,1359.0833333333333,600.659251836773
2038,Electric Engagement,member_12,high_wind,simultaneous_commissioning,12.10485,5.175262718033635,140.10985101718268,5102,693,681,-6175.653239954337,-7557.485431735159,1381.832191780822,590.7834153006432
2038,Electric Engagement,member_12,high_wind,staggered_commissioning,11.90557,5.124663458544653,139.96117027667165,5097,693,681,-6175.653239954337,-7534.736573287671,1359.0833333333333,585.0072441261019
2038,Electric Engagement,member_12,low_wind,simultaneous_commissioning,12.10485,5.405567366308664,141.85428466953655,4921,552,540,-6175.65323995434,-7557.485431735162,1381.832191780822,617.0739002635461
2038,Electric Engagement,member_12,low_wind,staggered_commissioning,11.90557,5.3105686066551385,141.7500034291901,4918,552,540,-6175.65323995434,-7534.736573287673,1359.0833333333333,606.2292929971619
2038,Electric Engagement,member_13,average_wind,simultaneous_commissioning,12.10485,5.35676183648237,140.0093402650431,4954,878,868,-6175.653239954334,-7557.4854317351555,1381.832191780822,611.502492749129
2038,Electric Engagement,member_13,average_wind,staggered_commissioning,11.90557,5.295644158583175,139.87117794294232,4952,878,868,-6175.653239954334,-7534.736573287667,1359.0833333333333,604.525588879358
2038,Electric Engagement,member_13,high_wind,simultaneous_commissioning,12.10485,5.336574176002575,141.4907769537536,4977,693,684,-6175.653239954335,-7557.485431735156,1381.832191780822,609.1979652970977
2038,Electric Engagement,member_13,high_wind,staggered_commissioning,11.90557,5.283385207064474,141.34468592269167,4974,693,684,-6175.653239954335,-7534.736573287668,1359.0833333333333,603.1261651900085
2038,Electric Engagement,member_13,low_wind,simultaneous_commissioning,12.10485,5.440976063967936,143.04907805790663,4891,552,548,-6175.6532399543385,-7557.485431735161,1381.832191780822,621.1159890374357
2038,Electric Engagement,member_13,low_wind,staggered_commissioning,11.90557,5.348796050119311,142.9419780717553,4886,552,548,-6175.6532399543385,-7534.736573287672,1359.0833333333333,610.593156406314
2038,Holistic Transition,member_06,average_wind,simultaneous_commissioning,12.10485,4.970959882056202,159.4043861973177,5225,826,818,-9589.051641780792,-10970.883833561616,1381.832191780822,567.461173750708
2038,Holistic Transition,member_06,average_wind,staggered_commissioning,11.90557,4.922032178653786,159.25403390072012,5220,826,818,-9589.051641780792,-10948.134975114126,1359.0833333333333,561.8758194810258
2038,Holistic Transition,member_06,high_wind,simultaneous_commissioning,12.10485,4.807076103937993,159.6803982946033,5345,644,639,-9589.051641780805,-10970.883833561626,1381.832191780822,548.7529799015973
2038,Holistic Transition,member_06,high_wind,staggered_commissioning,11.90557,4.778558391652882,159.50963600688843,5342,644,639,-9589.051641780805,-10948.134975114135,1359.0833333333333,545.4975332937081
2038,Holistic Transition,member_06,low_wind,simultaneous_commissioning,12.10485,5.063170235650935,159.721945302647,5163,518,516,-9589.051641780808,-10970.883833561633,1381.832191780822,577.9874698231661
2038,Holistic Transition,member_06,low_wind,staggered_commissioning,11.90557,4.982919149344582,159.60291638895333,5162,518,516,-9589.051641780808,-10948.134975114142,1359.0833333333333,568.826386911482
2038,Holistic Transition,member_12,average_wind,simultaneous_commissioning,12.10485,4.899543142394062,156.26466038457514,5273,826,809,-9589.0516417808,-10970.883833561624,1381.832191780822,559.3085778988656
2038,Holistic Transition,member_12,average_wind,staggered_commissioning,11.90557,4.855195840797833,156.10972768617134,5272,826,809,-9589.0516417808,-10948.134975114135,1359.0833333333333,554.2461005476979
2038,Holistic Transition,member_12,high_wind,simultaneous_commissioning,12.10485,4.675938753879267,158.39729978663533,5445,644,635,-9589.051641780812,-10970.883833561633,1381.832191780822,533.7829627716058
2038,Holistic Transition,member_12,high_wind,staggered_commissioning,11.90557,4.642038772258642,158.23191976825598,5442,644,635,-9589.051641780812,-10948.134975114144,1359.0833333333333,529.9131018560093
2038,Holistic Transition,member_12,low_wind,simultaneous_commissioning,12.10485,5.002333191911841,159.59747180398028,5216,518,509,-9589.051641780818,-10970.883833561638,1381.832191780822,571.0426018164202
2038,Holistic Transition,member_12,low_wind,staggered_commissioning,11.90557,4.91999722141503,159.48052777447705,5219,518,509,-9589.051641780818,-10948.13497511415,1359.0833333333333,561.6435184263731
2038,Holistic Transition,member_13,average_wind,simultaneous_commissioning,12.10485,4.948699767063621,159.1815388925934,5243,826,818,-9589.051641780796,-10970.883833561618,1381.832191780822,564.92006473329
2038,Holistic Transition,member_13,average_wind,staggered_commissioning,11.90557,4.905381838196001,159.02557682146102,5241,826,818,-9589.051641780796,-10948.13497511413,1359.0833333333333,559.975095684475
2038,Holistic Transition,member_13,high_wind,simultaneous_commissioning,12.10485,4.807379349493308,159.41433423025413,5355,644,640,-9589.051641780808,-10970.88383356163,1381.832191780822,548.7875969741219
2038,Holistic Transition,member_13,high_wind,staggered_commissioning,11.90557,4.77386760467929,159.24856597506815,5353,644,640,-9589.051641780808,-10948.13497511414,1359.0833333333333,544.962055328686
2038,Holistic Transition,member_13,low_wind,simultaneous_commissioning,12.10485,5.030001461786983,160.63919897031963,5187,518,515,-9589.051641780812,-10970.883833561633,1381.832191780822,574.2010801126694
2038,Holistic Transition,member_13,low_wind,staggered_commissioning,11.90557,4.950429164738198,160.51949126736844,5184,518,515,-9589.051641780812,-10948.134975114144,1359.0833333333333,565.117484559155
2039,Electric Engagement,member_06,average_wind,simultaneous_commissioning,11.50701,5.039409082113555,151.42525847145438,5073,788,781,-7720.964883789948,-9034.550500228304,1313.585616438356,575.2750093736934
2039,Electric Engagement,member_06,average_wind,staggered_commissioning,11.70629,5.084087018583057,151.57986053498487,5076,788,781,-7720.964883789948,-9057.299358675791,1336.3344748858449,580.3752304318559
2039,Electric Engagement,member_06,high_wind,simultaneous_commissioning,11.50701,4.991814739123135,154.33813674424852,5100,630,618,-7720.964883789938,-9034.550500228292,1313.585616438356,569.8418651967048
2039,Electric Engagement,member_06,high_wind,staggered_commissioning,11.70629,5.041998892434327,154.4872325909373,5109,630,618,-7720.964883789938,-9057.299358675782,1336.3344748858449,575.5706498212702
2039,Electric Engagement,member_06,low_wind,simultaneous_commissioning,11.50701,5.1108534404725745,157.0710164236362,4930,487,483,-7720.964883789949,-9034.550500228306,1313.585616438356,583.4307580448146
2039,Electric Engagement,member_06,low_wind,staggered_commissioning,11.70629,5.200415123460552,157.1807347406482,4932,487,483,-7720.964883789949,-9057.299358675797,1336.3344748858449,593.6546944589671
2039,Electric Engagement,member_12,average_wind,simultaneous_commissioning,11.50701,5.083742134742325,150.50441516852243,5072,788,784,-7720.964883789956,-9034.550500228312,1313.585616438356,580.3358601304025
2039,Electric Engagement,member_12,average_wind,staggered_commissioning,11.70629,5.120970257280875,150.6664670459839,5075,788,784,-7720.964883789956,-9057.2993586758,1336.3344748858449,584.585645808319
2039,Electric Engagement,member_12,high_wind,simultaneous_commissioning,11.50701,5.010275015727468,153.46743917248452,5118,630,613,-7720.964883789946,-9034.550500228304,1313.585616438356,571.949202708615
2039,Electric Engagement,member_12,high_wind,staggered_commissioning,11.70629,5.042593654399631,153.63440053381237,5119,630,613,-7720.964883789946,-9057.299358675791,1336.3344748858449,575.6385450227889
2039,Electric Engagement,member_12,low_wind,simultaneous_commissioning,11.50701,5.141418413233165,158.109278399752,4926,487,483,-7720.964883789958,-9034.550500228312,1313.585616438356,586.9199101864343
2039,Electric Engagement,member_12,low_wind,staggered_commissioning,11.70629,5.222541031837018,158.22743578114813,4932,487,483,-7720.964883789958,-9057.299358675802,1336.3344748858449,596.1804830864176
2039,Electric Engagement,member_13,average_wind,simultaneous_commissioning,11.50701,5.04403470520592,151.6381354415534,5067,788,778,-7720.964883789951,-9034.550500228306,1313.585616438356,575.8030485394886
2039,Electric Engagement,member_13,average_wind,staggered_commissioning,11.70629,5.092119037084589,151.78933110967475,5071,788,778,-7720.964883789951,-9057.299358675797,1336.3344748858449,581.2921275210717
2039,Electric Engagement,member_13,high_wind,simultaneous_commissioning,11.50701,4.993150541245855,153.64244288529542,5101,630,617,-7720.96488378994,-9034.550500228295,1313.585616438356,569.9943540234993
2039,Electric Engagement,member_13,high_wind,staggered_commissioning,11.70629,5.039840350816665,153.7950330757246,5110,630,617,-7720.96488378994,-9057.299358675786,1336.3344748858449,575.3242409608065
2039,Electric Engagement,member_13,low_wind,simultaneous_commissioning,11.50701,5.099121802731194,158.401443308817,4963,487,478,-7720.964883789952,-9034.550500228308,1313.585616438356,582.0915299921453
2039,Electric Engagement,member_13,low_wind,staggered_commissioning,11.70629,5.182925857088504,158.5169192544597,4964,487,478,-7720.964883789952,-9057.299358675797,1336.3344748858449,591.6582028639846
2039,Holistic Transition,member_06,average_wind,simultaneous_commissioning,11.50701,4.763101202845465,161.45867640357775,5299,794,787,-10057.803924885848,-11371.389541324204,1313.585616438356,543.7330140234549
2039,Holistic Transition,member_06,average_wind,staggered_commissioning,11.70629,4.799105371790904,161.6219522346323,5304,794,787,-10057.803924885848,-11394.138399771691,1336.3344748858449,547.8430789715643
2039,Holistic Transition,member_06,high_wind,simultaneous_commissioning,11.50701,4.642569184771157,163.17561762254584,5387,633,624,-10057.803924885844,-11371.3895413242,1313.585616438356,529.9736512295843
2039,Holistic Transition,member_06,high_wind,staggered_commissioning,11.70629,4.672751231870089,163.3447155754469,5389,633,624,-10057.803924885844,-11394.13839977169,1336.3344748858449,533.4190903961289
2039,Holistic Transition,member_06,low_wind,simultaneous_commissioning,11.50701,4.825181833556921,165.6620367270969,5167,495,494,-10057.803924885851,-11371.38954132421,1313.585616438356,550.8198440133472
2039,Holistic Transition,member_06,low_wind,staggered_commissioning,11.70629,4.905703065342834,165.78079549531105,5165,495,494,-10057.803924885851,-11394.138399771698,1336.3344748858449,560.0117654500953
2039,Holistic Transition,member_12,average_wind,simultaneous_commissioning,11.50701,4.809984522532185,160.58387590471122,5283,794,792,-10057.803924885857,-11371.389541324212,1313.585616438356,549.0849911566421
2039,Holistic Transition,member_12,average_wind,staggered_commissioning,11.70629,4.840905088488286,160.75223533875513,5283,794,792,-10057.803924885857,-11394.1383997717,1336.3344748858449,552.6147361287998
2039,Holistic Transition,member_12,high_wind,simultaneous_commissioning,11.50701,4.676445173207245,162.4570240075059,5376,633,624,-10057.80392488585,-11371.389541324206,1313.585616438356,533.840773197174
2039,Holistic Transition,member_12,high_wind,staggered_commissioning,11.70629,4.697441864868577,162.63530731584453,5378,633,624,-10057.80392488585,-11394.138399771697,1336.3344748858449,536.2376558069152
2039,Holistic Transition,member_12,low_wind,simultaneous_commissioning,11.50701,4.832015515881545,166.71681022227492,5185,495,492,-10057.80392488586,-11371.389541324215,1313.585616438356,551.5999447353362
2039,Holistic Transition,member_12,low_wind,staggered_commissioning,11.70629,4.906944429790104,166.84116130836637,5184,495,492,-10057.80392488586,-11394.138399771704,1336.3344748858449,560.1534737203315
2039,Holistic Transition,member_13,average_wind,simultaneous_commissioning,11.50701,4.744767915900827,161.54631242154258,5285,794,786,-10057.803924885848,-11371.389541324204,1313.585616438356,541.6401730480395
2039,Holistic Transition,member_13,average_wind,staggered_commissioning,11.70629,4.78394672920052,161.7064136082429,5290,794,786,-10057.803924885848,-11394.138399771691,1336.3344748858449,546.112640319694
2039,Holistic Transition,member_13,high_wind,simultaneous_commissioning,11.50701,4.6334786474357585,162.39905163403012,5382,633,622,-10057.803924885844,-11371.3895413242,1313.585616438356,528.93591865705
2039,Holistic Transition,member_13,high_wind,staggered_commissioning,11.70629,4.665092548052796,162.56671773341304,5385,633,622,-10057.803924885844,-11394.13839977169,1336.3344748858449,532.5448114215519
2039,Holistic Transition,member_13,low_wind,simultaneous_commissioning,11.50701,4.797717083701603,166.86401225977016,5204,495,488,-10057.803924885851,-11371.38954132421,1313.585616438356,547.6845985960734
2039,Holistic Transition,member_13,low_wind,staggered_commissioning,11.70629,4.8753421999149325,166.9856671435568,5198,495,488,-10057.803924885851,-11394.138399771698,1336.3344748858449,556.5459132322982
2040,Electric Engagement,member_06,average_wind,simultaneous_commissioning,12.13728,5.591586380811341,146.71397852191956,4818,775,773,-6016.8980398451695,-7398.646673724951,1381.7486338797814,636.5649340632219
2040,Electric Engagement,member_06,average_wind,staggered_commissioning,11.93847,5.529001472300306,146.57775343043056,4815,775,773,-6016.8980398451695,-7376.013477003639,1359.11543715847,629.4400583219839
2040,Electric Engagement,member_06,high_wind,simultaneous_commissioning,12.13728,5.386615199637773,149.5399973325244,4957,594,591,-6016.898039845178,-7398.646673724959,1381.7486338797814,613.2303278276153
2040,Electric Engagement,member_06,high_wind,staggered_commissioning,11.93847,5.333387505231138,149.39441502693103,4954,594,591,-6016.898039845178,-7376.013477003648,1359.11543715847,607.170708701177
2040,Electric Engagement,member_06,low_wind,simultaneous_commissioning,12.13728,5.6586549100611325,148.73721883685883,4752,483,482,-6016.898039845163,-7398.646673724944,1381.7486338797814,644.2002402164311
2040,Electric Engagement,member_06,low_wind,staggered_commissioning,11.93847,5.5682659919523765,148.6287977549676,4750,483,482,-6016.898039845163,-7376.013477003633,1359.11543715847,633.9100628361084
2040,Electric Engagement,member_12,average_wind,simultaneous_commissioning,12.13728,5.547941274073165,144.12206741947202,4834,775,759,-6016.898039845167,-7398.646673724948,1381.7486338797814,631.596228833466
2040,Electric Engagement,member_12,average_wind,staggered_commissioning,11.93847,5.467501216332396,144.0036974772128,4832,775,759,-6016.898039845167,-7376.013477003637,1359.11543715847,622.4386630615204
2040,Electric Engagement,member_12,high_wind,simultaneous_commissioning,12.13728,5.383032807849336,148.02035562602728,4953,594,586,-6016.898039845175,-7398.646673724956,1381.7486338797814,612.8224963398605
2040,Electric Engagement,member_12,high_wind,staggered_commissioning,11.93847,5.3129102061151885,147.89166822776144,4950,594,586,-6016.898039845175,-7376.013477003645,1359.11543715847,604.8395043391607
2040,Electric Engagement,member_12,low_wind,simultaneous_commissioning,12.13728,5.612473825136993,150.8756905109982,4803,483,476,-6016.89803984516,-7398.646673724942,1381.7486338797814,638.942830730532
2040,Electric Engagement,member_12,low_wind,staggered_commissioning,11.93847,5.498387184373287,150.7909671517619,4795,483,476,-6016.89803984516,-7376.01347700363,1359.11543715847,625.9548251791084
2040,Electric Engagement,member_13,average_wind,simultaneous_commissioning,12.13728,5.544111238585067,146.76004402352078,4841,775,773,-6016.898039845178,-7398.646673724959,1381.7486338797814,631.1602047569521
2040,Electric Engagement,member_13,average_wind,staggered_commissioning,11.93847,5.495886600137233,146.60945866196863,4839,775,773,-6016.898039845178,-7376.013477003648,1359.11543715847,625.6701502888471
2040,Electric Engagement,member_13,high_wind,simultaneous_commissioning,12.13728,5.422206431283505,148.33029029997235,4934,594,594,-6016.898039845187,-7398.646673724968,1381.7486338797814,617.2821529238962
2040,Electric Engagement,member_13,high_wind,staggered_commissioning,11.93847,5.37208033786389,148.18160639339197,4936,594,594,-6016.898039845187,-7376.013477003657,1359.11543715847,611.5756304489857
2040,Electric Engagement,member_13,low_wind,simultaneous_commissioning,12.13728,5.656516435555815,149.39329242277776,4760,483,482,-6016.898039845171,-7398.646673724953,1381.7486338797814,643.9567891115456
2040,Electric Engagement,member_13,low_wind,staggered_commissioning,11.93847,5.561799154344682,149.2891997039889,4754,483,482,-6016.898039845171,-7376.013477003641,1359.11543715847,633.1738563689302
2040,Holistic Transition,member_06,average_wind,simultaneous_commissioning,12.13728,5.18843023077069,157.11118526301564,5089,776,765,-8581.488203779598,-9963.23683765938,1381.7486338797814,590.6682867452972
2040,Holistic Transition,member_06,average_wind,staggered_commissioning,11.93847,5.140013198575471,156.9607922952109,5086,776,765,-8581.488203779598,-9940.603640938069,1359.11543715847,585.1563295281729
2040,Holistic Transition,member_06,high_wind,simultaneous_commissioning,12.13728,4.93424158301633,158.7858962541602,5278,596,587,-8581.488203779603,-9963.236837659384,1381.7486338797814,561.7305991594183
2040,Holistic Transition,member_06,high_wind,staggered_commissioning,11.93847,4.891406855178786,158.62992098199774,5285,596,587,-8581.488203779603,-9940.603640938072,1359.11543715847,556.8541501797343
2040,Holistic Transition,member_06,low_wind,simultaneous_commissioning,12.13728,5.299715162924841,158.69456157773112,5022,492,485,-8581.488203779585,-9963.236837659368,1381.7486338797814,603.3373363985476
2040,Holistic Transition,member_06,low_wind,staggered_commissioning,11.93847,5.222145212340977,158.573321528315,5020,492,485,-8581.488203779585,-9940.603640938056,1359.11543715847,594.5065132446467
2040,Holistic Transition,member_12,average_wind,simultaneous_commissioning,12.13728,5.120636215374248,154.61199031997734,5149,776,755,-8581.4882037796,-9963.23683765938,1381.7486338797814,582.9503888176511
2040,Holistic Transition,member_12,average_wind,staggered_commissioning,11.93847,5.062565258780797,154.4712512765708,5147,776,755,-8581.4882037796,-9940.603640938069,1359.11543715847,576.3393964914386
2040,Holistic Transition,member_12,high_wind,simultaneous_commissioning,12.13728,4.952345573644472,157.0570025246234,5259,596,587,-8581.488203779605,-9963.236837659388,1381.7486338797814,563.7916181289244
2040,Holistic Transition,member_12,high_wind,staggered_commissioning,11.93847,4.899325690286245,156.9112124079816,5257,596,587,-8581.488203779605,-9940.603640938076,1359.11543715847,557.7556569087255
2040,Holistic Transition,member_12,low_wind,simultaneous_commissioning,12.13728,5.256527794804362,160.49979503409648,5056,492,482,-8581.488203779587,-9963.23683765937,1381.7486338797814,598.4207416671632
2040,Holistic Transition,member_12,low_wind,staggered_commissioning,11.93847,5.16275692618672,160.39475590271414,5054,492,482,-8581.488203779587,-9940.603640938058,1359.11543715847,587.7455517061384
2040,Holistic Transition,member_13,average_wind,simultaneous_commissioning,12.13728,5.180433034979606,157.51926359695548,5100,776,769,-8581.488203779605,-9963.236837659386,1381.7486338797814,589.7578591734524
2040,Holistic Transition,member_13,average_wind,staggered_commissioning,11.93847,5.140920174269559,157.3599664576655,5098,776,769,-8581.488203779605,-9940.603640938074,1359.11543715847,585.2595826809608
2040,Holistic Transition,member_13,high_wind,simultaneous_commissioning,12.13728,4.955668580774334,157.75112204911554,5272,596,589,-8581.48820377961,-9963.236837659391,1381.7486338797814,564.1699203978067
2040,Holistic Transition,member_13,high_wind,staggered_commissioning,11.93847,4.920150538347914,157.58783009154195,5271,596,589,-8581.48820377961,-9940.60364093808,1359.11543715847,560.1264274075494
2040,Holistic Transition,member_13,low_wind,simultaneous_commissioning,12.13728,5.2817463342209905,159.51897786814405,5045,492,486,-8581.488203779594,-9963.236837659377,1381.7486338797814,601.2917047155042
2040,Holistic Transition,member_13,low_wind,staggered_commissioning,11.93847,5.198717091324557,159.40319711104047,5038,492,486,-8581.488203779594,-9940.603640938063,1359.11543715847,591.839377427659
2041,Electric Engagement,member_06,average_wind,simultaneous_commissioning,11.50701,5.541879733687074,142.33530270765996,4703,765,759,-4930.6030116438305,-6244.188628082186,1313.585616438356,632.6346727953281
2041,Electric Engagement,member_06,average_wind,staggered_commissioning,11.70629,5.590371487218074,142.4860909541289,4704,765,759,-4930.6030116438305,-6266.937486529675,1336.3344748858449,638.1702610979537
2041,Electric Engagement,member_06,high_wind,simultaneous_commissioning,11.50701,5.402367948372448,146.29873231712403,4821,561,560,-4930.603011643833,-6244.188628082189,1313.585616438356,616.7086699055304
2041,Electric Engagement,member_06,high_wind,staggered_commissioning,11.70629,5.4402197153584115,146.46016055013808,4825,561,560,-4930.603011643833,-6266.937486529678,1336.3344748858449,621.0296478719648
2041,Electric Engagement,member_06,low_wind,simultaneous_commissioning,11.50701,5.462294864485561,147.1672721608778,4667,456,453,-4930.603011643832,-6244.188628082188,1313.585616438356,623.5496420645618
2041,Electric Engagement,member_06,low_wind,staggered_commissioning,11.70629,5.554043728898321,147.27480329646505,4670,456,453,-4930.603011643832,-6266.937486529677,1336.3344748858449,634.0232567235527
2041,Electric Engagement,member_12,average_wind,simultaneous_commissioning,11.50701,5.511140353419706,143.21071744039534,4730,765,759,-4930.603011643832,-6244.188628082188,1313.585616438356,629.125611120971
2041,Electric Engagement,member_12,average_wind,staggered_commissioning,11.70629,5.563777545667356,143.3573602481477,4733,765,759,-4930.603011643832,-6266.937486529677,1336.3344748858449,635.1344230213876
2041,Electric Engagement,member_12,high_wind,simultaneous_commissioning,11.50701,5.389049793476589,143.8573759111478,4836,561,560,-4930.603011643835,-6244.188628082191,1313.585616438356,615.1883325886517
2041,Electric Engagement,member_12,high_wind,staggered_commissioning,11.70629,5.4305017642767766,144.01520394034762,4840,561,560,-4930.603011643835,-6266.9374865296795,1336.3344748858449,619.9202927256595
2041,Electric Engagement,member_12,low_wind,simultaneous_commissioning,11.50701,5.450940626916466,148.2814684280009,4694,456,454,-4930.603011643834,-6244.18862808219,1313.585616438356,622.2534962233409
2041,Electric Engagement,member_12,low_wind,staggered_commissioning,11.70629,5.539614313679822,148.3920747412375,4696,456,454,-4930.603011643834,-6266.937486529679,1336.3344748858449,632.3760632054591
2041,Electric Engagement,member_13,average_wind,simultaneous_commissioning,11.50701,5.460043966850116,143.89788812780762,4680,765,763,-4930.603011643827,-6244.188628082184,1313.585616438356,623.2926902796936
2041,Electric Engagement,member_13,average_wind,staggered_commissioning,11.70629,5.548285553076765,144.00892654158096,4688,765,763,-4930.603011643827,-6266.937486529671,1336.3344748858449,633.3659307165257
2041,Electric Engagement,member_13,high_wind,simultaneous_commissioning,11.50701,5.342424418134831,145.1253512681655,4789,561,560,-4930.60301164383,-6244.1886280821855,1313.585616438356,609.8658011569441
2041,Electric Engagement,member_13,high_wind,staggered_commissioning,11.70629,5.422060831482113,145.24499485481823,4793,561,560,-4930.60301164383,-6266.937486529674,1336.3344748858449,618.9567159226156
2041,Electric Engagement,member_13,low_wind,simultaneous_commissioning,11.50701,5.447629884162417,146.58438501098664,4633,456,454,-4930.603011643829,-6244.188628082185,1313.585616438356,621.8755575527874
2041,Electric Engagement,member_13,low_wind,staggered_commissioning,11.70629,5.561024333603628,146.67027056154544,4637,456,454,-4930.603011643829,-6266.937486529673,1336.3344748858449,634.8201294068068
2041,Holistic Transition,member_06,average_wind,simultaneous_commissioning,11.50701,5.113553991565492,154.93769461202342,5057,765,750,-7968.389541324203,-9281.97515776256,1313.585616438356,583.7390401330471
2041,Holistic Transition,member_06,average_wind,staggered_commissioning,11.70629,5.146871209709929,155.10365739387896,5058,765,750,-7968.389541324203,-9304.724016210048,1336.3344748858449,587.5423755376631
2041,Holistic Transition,member_06,high_wind,simultaneous_commissioning,11.50701,4.936039818530009,157.52956510975326,5183,561,558,-7968.389541324206,-9281.975157762565,1313.585616438356,563.4748651289965
2041,Holistic Transition,member_06,high_wind,staggered_commissioning,11.70629,4.968092412125035,157.6967925161582,5187,561,558,-7968.389541324206,-9304.724016210052,1336.3344748858449,567.1338370005748
2041,Holistic Transition,member_06,low_wind,simultaneous_commissioning,11.50701,5.134344124401836,158.9530527474836,4956,456,449,-7968.389541324197,-9281.975157762554,1313.585616438356,586.1123429682461
2041,Holistic Transition,member_06,low_wind,staggered_commissioning,11.70629,5.209752182673404,159.07692468921203,4959,456,449,-7968.389541324197,-9304.724016210042,1336.3344748858449,594.7205687983339
2041,Holistic Transition,member_12,average_wind,simultaneous_commissioning,11.50701,5.142141361869987,156.09057526601228,5027,765,752,-7968.389541324195,-9281.975157762552,1313.585616438356,587.0024385696332
2041,Holistic Transition,member_12,average_wind,staggered_commissioning,11.70629,5.178430680943514,156.25356594693875,5028,765,752,-7968.389541324195,-9304.72401621004,1336.3344748858449,591.1450549022277
2041,Holistic Transition,member_12,high_wind,simultaneous_commissioning,11.50701,4.917301530130941,155.4834984862575,5186,561,558,-7968.389541324201,-9281.975157762558,1313.585616438356,561.335791110838
2041,Holistic Transition,member_12,high_wind,staggered_commissioning,11.70629,4.950955162436483,155.64912485395195,5190,561,558,-7968.389541324201,-9304.724016210046,1336.3344748858449,565.1775299585026
2041,Holistic Transition,member_12,low_wind,simultaneous_commissioning,11.50701,5.121725748586576,160.29939403043426,4947,456,450,-7968.389541324193,-9281.975157762548,1313.585616438356,584.6718891080567
2041,Holistic Transition,member_12,low_wind,staggered_commissioning,11.70629,5.198927802945139,160.4214719760757,4946,456,450,-7968.389541324193,-9304.724016210035,1336.3344748858449,593.4849090120022
2041,Holistic Transition,member_13,average_wind,simultaneous_commissioning,11.50701,5.1153438374303635,156.25320112306733,4967,765,757,-7968.389541324197,-9281.975157762554,1313.585616438356,583.9433604372562
2041,Holistic Transition,member_13,average_wind,staggered_commissioning,11.70629,5.180455131216826,156.38736982928089,4975,765,757,-7968.389541324197,-9304.724016210042,1336.3344748858449,591.3761565316013
2041,Holistic Transition,member_13,high_wind,simultaneous_commissioning,11.50701,4.879898177165988,156.24804964903157,5162,561,558,-7968.389541324201,-9281.975157762558,1313.585616438356,557.0660019595878
2041,Holistic Transition,member_13,high_wind,staggered_commissioning,11.70629,4.93746366180056,156.389764164397,5164,561,558,-7968.389541324201,-9304.724016210046,1336.3344748858449,563.6374043151325
2041,Holistic Transition,member_13,low_wind,simultaneous_commissioning,11.50701,5.071619779842302,158.45937875425074,4947,456,449,-7968.389541324193,-9281.975157762548,1313.585616438356,578.9520296623633
2041,Holistic Transition,member_13,low_wind,staggered_commissioning,11.70629,5.166898602941258,158.5633799311518,4952,456,449,-7968.389541324193,-9304.724016210035,1336.3344748858449,589.828607641696
2042,Electric Engagement,member_06,average_wind,simultaneous_commissioning,12.10485,5.871053728572136,143.2987428097814,4571,732,732,-4029.942052739734,-5411.774244520557,1381.832191780822,670.2116128507005
2042,Electric Engagement,member_06,average_wind,staggered_commissioning,11.90557,5.831321890609212,143.13919464774432,4562,732,732,-4029.942052739734,-5389.025386073068,1359.0833333333333,665.6760149097275
2042,Electric Engagement,member_06,high_wind,simultaneous_commissioning,12.10485,5.6704204640692195,143.37517971163857,4723,538,538,-4029.94205273973,-5411.774244520552,1381.832191780822,647.3082721540204
2042,Electric Engagement,member_06,high_wind,staggered_commissioning,11.90557,5.63881187912356,143.20750829658422,4716,538,538,-4029.94205273973,-5389.025386073064,1359.0833333333333,643.6999862013197
2042,Electric Engagement,member_06,low_wind,simultaneous_commissioning,12.10485,5.909484226100971,143.6613079486549,4546,443,442,-4029.9420527397338,-5411.774244520556,1381.832191780822,674.5986559475995
2042,Electric Engagement,member_06,low_wind,staggered_commissioning,11.90557,5.832239553606767,143.53927262114908,4546,443,442,-4029.9420527397338,-5389.025386073067,1359.0833333333333,665.7807709596766
2042,Electric Engagement,member_12,average_wind,simultaneous_commissioning,12.10485,5.884772123046663,143.2749189350697,4553,732,730,-4029.942052739729,-5411.774244520551,1381.832191780822,671.777639617199
2042,Electric Engagement,member_12,average_wind,staggered_commissioning,11.90557,5.836144877568874,143.1242661805475,4550,732,730,-4029.942052739729,-5389.025386073063,1359.0833333333333,666.22658419736
2042,Electric Engagement,member_12,high_wind,simultaneous_commissioning,12.10485,5.708178445138612,142.75316784347646,4684,538,538,-4029.942052739726,-5411.774244520548,1381.832191780822,651.6185439655952
2042,Electric Engagement,member_12,high_wind,staggered_commissioning,11.90557,5.666479468742762,142.59558681987232,4682,538,538,-4029.942052739726,-5389.025386073059,1359.0833333333333,646.858386842781
2042,Electric Engagement,member_12,low_wind,simultaneous_commissioning,12.10485,5.854252877248773,145.36543638384944,4587,443,443,-4029.942052739728,-5411.77424452055,1381.832191780822,668.2937074484901
2042,Electric Engagement,member_12,low_wind,staggered_commissioning,11.90557,5.760246841483027,145.2601624196152,4582,443,443,-4029.942052739728,-5389.025386073062,1359.0833333333333,657.5624248268296
2042,Electric Engagement,member_13,average_wind,simultaneous_commissioning,12.10485,5.9313623101693445,143.37560846638823,4528,732,732,-4029.942052739739,-5411.77424452056,1381.832191780822,677.0961541289206
2042,Electric Engagement,member_13,average_wind,staggered_commissioning,11.90557,5.873607116325786,143.23408366023176,4523,732,732,-4029.942052739739,-5389.025386073072,1359.0833333333333,670.50309547098
2042,Electric Engagement,member_13,high_wind,simultaneous_commissioning,12.10485,5.6929107039541025,143.15436420155126,4710,538,538,-4029.942052739735,-5411.774244520558,1381.832191780822,649.8756511363131
2042,Electric Engagement,member_13,high_wind,staggered_commissioning,11.90557,5.644223562057556,143.0037713434478,4703,538,538,-4029.942052739735,-5389.025386073069,1359.0833333333333,644.3177582257484
2042,Electric Engagement,member_13,low_wind,simultaneous_commissioning,12.10485,5.911030567152801,142.7188285765748,4550,443,443,-4029.942052739738,-5411.7742445205595,1381.832191780822,674.7751788987217
2042,Electric Engagement,member_13,low_wind,staggered_commissioning,11.90557,5.817304091138298,142.6132750525893,4548,443,443,-4029.942052739738,-5389.025386073071,1359.0833333333333,664.0758094906732
2042,Holistic Transition,member_06,average_wind,simultaneous_commissioning,12.10485,5.570779758487342,149.8744968724786,4790,754,746,-6342.645249086763,-7724.477440867585,1381.832191780822,635.9337623843998
2042,Holistic Transition,member_06,average_wind,staggered_commissioning,11.90557,5.538183671517922,149.70781295944803,4790,754,746,-6342.645249086763,-7701.728582420096,1359.0833333333333,632.2127478901738
2042,Holistic Transition,member_06,high_wind,simultaneous_commissioning,12.10485,5.250659940479474,148.93897871178413,5024,559,559,-6342.645249086762,-7724.477440867585,1381.832191780822,599.3904041643234
2042,Holistic Transition,member_06,high_wind,staggered_commissioning,11.90557,5.233346118833671,148.75701253342996,5018,559,559,-6342.645249086762,-7701.728582420096,1359.0833333333333,597.4139405061269
2042,Holistic Transition,member_06,low_wind,simultaneous_commissioning,12.10485,5.54816004954553,150.2022673872623,4814,464,461,-6342.645249086757,-7724.477440867579,1381.832191780822,633.3516038293983
2042,Holistic Transition,member_06,low_wind,staggered_commissioning,11.90557,5.4761981887408275,150.07494924806704,4814,464,461,-6342.645249086757,-7701.728582420091,1359.0833333333333,625.1367795366242
2042,Holistic Transition,member_12,average_wind,simultaneous_commissioning,12.10485,5.569771064077193,149.5116341797288,4792,754,745,-6342.645249086762,-7724.477440867585,1381.832191780822,635.8186146206841
2042,Holistic Transition,member_12,average_wind,staggered_commissioning,11.90557,5.534049979656682,149.3480752641493,4784,754,745,-6342.645249086762,-7701.728582420096,1359.0833333333333,631.7408652576121
2042,Holistic Transition,member_12,high_wind,simultaneous_commissioning,12.10485,5.242757317999867,148.20572973143615,5019,559,558,-6342.645249086762,-7724.477440867583,1381.832191780822,598.4882783104871
2042,Holistic Transition,member_12,high_wind,staggered_commissioning,11.90557,5.221170392684842,148.02803665675123,5015,559,558,-6342.645249086762,-7701.728582420094,1359.0833333333333,596.0240174297764
2042,Holistic Transition,member_12,low_wind,simultaneous_commissioning,12.10485,5.48602147712436,151.7172880342871,4857,464,459,-6342.645249086757,-7724.477440867579,1381.832191780822,626.2581594890821
2042,Holistic Transition,member_12,low_wind,staggered_commissioning,11.90557,5.408607967148446,151.59542154426296,4855,464,459,-6342.645249086757,-7701.72858242009,1359.0833333333333,617.4210008160326
2042,Holistic Transition,member_13,average_wind,simultaneous_commissioning,12.10485,5.544791172115938,150.0930201993097,4802,754,747,-6342.645249086766,-7724.477440867587,1381.832191780822,632.9670287803584
2042,Holistic Transition,member_13,average_wind,staggered_commissioning,11.90557,5.507148886508961,149.9313824849167,4803,754,747,-6342.645249086766,-7701.728582420098,1359.0833333333333,628.6699642133516
2042,Holistic Transition,member_13,high_wind,simultaneous_commissioning,12.10485,5.235955910086921,148.82042143174013,5020,559,559,-6342.645249086765,-7724.477440867587,1381.832191780822,597.7118618820687
2042,Holistic Transition,member_13,high_wind,staggered_commissioning,11.90557,5.208239058098696,148.64885828372837,5019,559,559,-6342.645249086765,-7701.728582420098,1359.0833333333333,594.5478376824997
2042,Holistic Transition,member_13,low_wind,simultaneous_commissioning,12.10485,5.561759406341276,149.44664154423398,4791,464,462,-6342.64524908676,-7724.477440867581,1381.832191780822,634.9040418197802
2042,Holistic Transition,member_13,low_wind,staggered_commissioning,11.90557,5.475211204228804,149.33390974634645,4794,464,462,-6342.64524908676,-7701.728582420093,1359.0833333333333,625.0241100717814
2043,Electric Engagement,member_06,average_wind,simultaneous_commissioning,11.50701,5.739036317065837,140.46308756734467,4491,719,703,-3283.133833561648,-4596.719450000004,1313.585616438356,655.1411320851411
2043,Electric Engagement,member_06,average_wind,staggered_commissioning,11.70629,5.833275982486149,140.5681279019243,4494,719,703,-3283.133833561648,-4619.468308447493,1336.3344748858449,665.8990847586928
2043,Electric Engagement,member_06,high_wind,simultaneous_commissioning,11.50701,5.615117133346562,137.65172111357305,4593,534,533,-3283.133833561647,-4596.719450000003,1313.585616438356,640.9951065464112
2043,Electric Engagement,member_06,high_wind,staggered_commissioning,11.70629,5.6924356835769805,137.77368256334262,4603,534,533,-3283.133833561647,-4619.468308447492,1336.3344748858449,649.8214250658654
2043,Electric Engagement,member_06,low_wind,simultaneous_commissioning,11.50701,5.609846169063674,139.31629825991445,4541,436,433,-3283.133833561647,-4596.719450000003,1313.585616438356,640.3933982949399
2043,Electric Engagement,member_06,low_wind,staggered_commissioning,11.70629,5.705601065976556,139.4198233630016,4541,436,433,-3283.133833561647,-4619.468308447492,1336.3344748858449,651.3243226000635
2043,Electric Engagement,member_12,average_wind,simultaneous_commissioning,11.50701,5.777930438282066,139.03118225867715,4478,719,702,-3283.1338335616547,-4596.719450000011,1313.585616438356,659.5811002605099
2043,Electric Engagement,member_12,average_wind,staggered_commissioning,11.70629,5.857280170769306,139.15111252618993,4482,719,702,-3283.1338335616547,-4619.468308447499,1336.3344748858449,668.6392889006057
2043,Electric Engagement,member_12,high_wind,simultaneous_commissioning,11.50701,5.532855638092248,140.06406633136103,4681,534,531,-3283.1338335616533,-4596.71945000001,1313.585616438356,631.6045248963752
2043,Electric Engagement,member_12,high_wind,staggered_commissioning,11.70629,5.5861176795490906,140.2100842899042,4681,534,531,-3283.1338335616533,-4619.468308447498,1336.3344748858449,637.6846666151929
2043,Electric Engagement,member_12,low_wind,simultaneous_commissioning,11.50701,5.611646357492609,142.16080911626722,4547,436,434,-3283.1338335616533,-4596.7194500000105,1313.585616438356,640.5988992571471
2043,Electric Engagement,member_12,low_wind,staggered_commissioning,11.70629,5.700087862020616,142.2716476117392,4548,436,434,-3283.1338335616533,-4619.468308447499,1336.3344748858449,650.6949614178786
2043,Electric Engagement,member_13,average_wind,simultaneous_commissioning,11.50701,5.628710704266553,138.63236212244817,4556,719,716,-3283.133833561653,-4596.719450000009,1313.585616438356,642.5468840486933
2043,Electric Engagement,member_13,average_wind,staggered_commissioning,11.70629,5.722749462589293,138.73760336412542,4562,719,716,-3283.133833561653,-4619.468308447497,1336.3344748858449,653.2819021220654
2043,Electric Engagement,member_13,high_wind,simultaneous_commissioning,11.50701,5.574882253393248,140.49141497311095,4635,534,532,-3283.1338335616515,-4596.719450000008,1313.585616438356,636.4020837206905
2043,Electric Engagement,member_13,high_wind,staggered_commissioning,11.70629,5.637023553702842,140.6285536728014,4640,534,532,-3283.1338335616515,-4619.468308447496,1336.3344748858449,643.4958394637947
2043,Electric Engagement,member_13,low_wind,simultaneous_commissioning,11.50701,5.649681173377761,141.51795797584853,4501,436,434,-3283.133833561652,-4596.719450000008,1313.585616438356,644.9407732166394
2043,Electric Engagement,member_13,low_wind,staggered_commissioning,11.70629,5.752254258621853,141.61466489060444,4502,436,434,-3283.133833561652,-4619.468308447496,1336.3344748858449,656.6500295230427
2043,Holistic Transition,member_06,average_wind,simultaneous_commissioning,11.50701,5.473329349074795,146.74035450398534,4719,744,726,-5445.122418036531,-6758.708034474886,1313.585616438356,624.8092864240633
2043,Holistic Transition,member_06,average_wind,staggered_commissioning,11.70629,5.551922688050172,146.86104116500996,4726,744,726,-5445.122418036531,-6781.456892922374,1336.3344748858449,633.7811287728507
2043,Holistic Transition,member_06,high_wind,simultaneous_commissioning,11.50701,5.238699877988525,142.54965602941036,4910,550,544,-5445.122418036529,-6758.708034474885,1313.585616438356,598.0251002270005
2043,Holistic Transition,member_06,high_wind,staggered_commissioning,11.70629,5.289954533708424,142.6976813736905,4911,550,544,-5445.122418036529,-6781.456892922373,1336.3344748858449,603.8760883228795
2043,Holistic Transition,member_06,low_wind,simultaneous_commissioning,11.50701,5.356391094332287,145.48809453566125,4757,448,445,-5445.122418036534,-6758.708034474891,1313.585616438356,611.4601705858774
2043,Holistic Transition,member_06,low_wind,staggered_commissioning,11.70629,5.446468447722212,145.59729718227132,4757,448,445,-5445.122418036534,-6781.45689292238,1336.3344748858449,621.7429734842707
2043,Holistic Transition,member_12,average_wind,simultaneous_commissioning,11.50701,5.476485653654407,145.33973537920804,4728,744,721,-5445.122418036528,-6758.708034474884,1313.585616438356,625.1695951660282
2043,Holistic Transition,member_12,average_wind,staggered_commissioning,11.70629,5.541043931588523,145.47445710127388,4732,744,721,-5445.122418036528,-6781.456892922372,1336.3344748858449,632.5392615968634
2043,Holistic Transition,member_12,high_wind,simultaneous_commissioning,11.50701,5.179569915462395,144.83421666244783,4970,550,544,-5445.122418036526,-6758.708034474882,1313.585616438356,591.2751045048395
2043,Holistic Transition,member_12,high_wind,staggered_commissioning,11.70629,5.216342735959312,144.99672384195097,4974,550,544,-5445.122418036526,-6781.456892922371,1336.3344748858449,595.4729150638484
2043,Holistic Transition,member_12,low_wind,simultaneous_commissioning,11.50701,5.359565995803271,148.02803740833022,4747,448,443,-5445.122418036533,-6758.708034474889,1313.585616438356,611.8226022606472
2043,Holistic Transition,member_12,low_wind,staggered_commissioning,11.70629,5.438828488707666,148.14805491542583,4748,448,443,-5445.122418036533,-6781.456892922378,1336.3344748858449,620.8708320442541
2043,Holistic Transition,member_13,average_wind,simultaneous_commissioning,11.50701,5.404378940018706,144.9386076172316,4759,744,735,-5445.122418036522,-6758.708034474878,1313.585616438356,616.9382351619528
2043,Holistic Transition,member_13,average_wind,staggered_commissioning,11.70629,5.4832184019179,145.0590481553324,4763,744,735,-5445.122418036522,-6781.456892922367,1336.3344748858449,625.93817373492
2043,Holistic Transition,member_13,high_wind,simultaneous_commissioning,11.50701,5.2216339017919235,145.29620619549965,4933,550,547,-5445.122418036521,-6758.7080344748765,1313.585616438356,596.0769294283018
2043,Holistic Transition,member_13,high_wind,staggered_commissioning,11.70629,5.257959006686292,145.45916109060525,4936,550,547,-5445.122418036521,-6781.456892922365,1336.3344748858449,600.2236309002616
2043,Holistic Transition,member_13,low_wind,simultaneous_commissioning,11.50701,5.364659425748475,147.39783968147205,4736,448,444,-5445.122418036526,-6758.708034474882,1313.585616438356,612.4040440352139
2043,Holistic Transition,member_13,low_wind,staggered_commissioning,11.70629,5.456711114466465,147.50506799275408,4738,448,444,-5445.122418036526,-6781.456892922371,1336.3344748858449,622.9122276788202
2044,Electric Engagement,member_06,average_wind,simultaneous_commissioning,12.13728,5.8360224006544374,138.1728527281586,4611,703,699,-2931.9617921220456,-4313.710426001827,1381.7486338797814,664.3923498012791
2044,Electric Engagement,member_06,average_wind,staggered_commissioning,11.93847,5.783968205496757,138.0260969233163,4612,703,699,-2931.9617921220456,-4291.077229280515,1359.11543715847,658.4663257623813
2044,Electric Engagement,member_06,high_wind,simultaneous_commissioning,12.13728,5.877344303177342,141.2173684203452,4597,545,540,-2931.961792122044,-4313.710426001826,1381.7486338797814,669.0965736768377
2044,Electric Engagement,member_06,high_wind,staggered_commissioning,11.93847,5.821037889181579,141.07486483434093,4589,545,540,-2931.961792122044,-4291.077229280514,1359.11543715847,662.6864627938954
2044,Electric Engagement,member_06,low_wind,simultaneous_commissioning,12.13728,5.969744805825407,143.43287821702123,4541,415,415,-2931.9617921220447,-4313.710426001827,1381.7486338797814,679.6157565830381
2044,Electric Engagement,member_06,low_wind,staggered_commissioning,11.93847,5.8781803929857395,143.32563262986088,4538,415,415,-2931.9617921220447,-4291.077229280515,1359.11543715847,669.191756942821
2044,Electric Engagement,member_12,average_wind,simultaneous_commissioning,12.13728,5.880549120181223,135.83998004968947,4603,703,695,-2931.9617921220456,-4313.710426001828,1381.7486338797814,669.4614207856586
2044,Electric Engagement,member_12,average_wind,staggered_commissioning,11.93847,5.823708021846077,135.69801114802462,4597,703,695,-2931.9617921220456,-4291.077229280516,1359.11543715847,662.9904396455005
2044,Electric Engagement,member_12,high_wind,simultaneous_commissioning,12.13728,5.7705309550450705,138.40461624242323,4679,545,537,-2931.961792122044,-4313.710426001826,1381.7486338797814,656.9365841353678
2044,Electric Engagement,member_12,high_wind,staggered_commissioning,11.93847,5.718637918645078,138.25769927882325,4677,545,537,-2931.961792122044,-4291.077229280514,1359.11543715847,651.0289069495764
2044,Electric Engagement,member_12,low_wind,simultaneous_commissioning,12.13728,5.974074702008697,143.9084452360371,4518,415,413,-2931.9617921220447,-4313.710426001827,1381.7486338797814,680.1086864763998
2044,Electric Engagement,member_12,low_wind,staggered_commissioning,11.93847,5.879793815856947,143.80391612218887,4516,415,413,-2931.9617921220447,-4291.077229280515,1359.11543715847,669.3754344099439
2044,Electric Engagement,member_13,average_wind,simultaneous_commissioning,12.13728,5.854810495020343,135.82011265424794,4611,703,700,-2931.961792122041,-4313.710426001822,1381.7486338797814,666.5312494330991
2044,Electric Engagement,member_13,average_wind,staggered_commissioning,11.93847,5.78930450791812,135.68680864135015,4602,703,700,-2931.961792122041,-4291.07722928051,1359.11543715847,659.0738283149043
2044,Electric Engagement,member_13,high_wind,simultaneous_commissioning,12.13728,5.820159721621288,139.31064296891768,4647,545,544,-2931.9617921220397,-4313.710426001821,1381.7486338797814,662.5864892556112
2044,Electric Engagement,member_13,high_wind,staggered_commissioning,11.93847,5.757835081994698,139.17415760854422,4640,545,544,-2931.9617921220397,-4291.0772292805095,1359.11543715847,655.4912433964821
2044,Electric Engagement,member_13,low_wind,simultaneous_commissioning,12.13728,5.998283547709206,143.70465621764927,4496,415,414,-2931.9617921220406,-4313.710426001821,1381.7486338797814,682.8647026080607
2044,Electric Engagement,member_13,low_wind,staggered_commissioning,11.93847,5.9020965212518535,143.60203324410665,4491,415,414,-2931.9617921220406,-4291.0772292805095,1359.11543715847,671.9144491406937
2044,Holistic Transition,member_06,average_wind,simultaneous_commissioning,12.13728,5.540325006469017,145.4395458001082,4840,725,717,-5206.874132741347,-6588.622766621128,1381.7486338797814,630.7291674031212
2044,Holistic Transition,member_06,average_wind,staggered_commissioning,11.93847,5.498301812414652,145.28275899416255,4835,725,717,-5206.874132741347,-6565.989569899817,1359.11543715847,625.945106149209
2044,Holistic Transition,member_06,high_wind,simultaneous_commissioning,12.13728,5.444905248256689,146.8388405685401,4901,568,553,-5206.87413274135,-6588.622766621132,1381.7486338797814,619.8662623243043
2044,Holistic Transition,member_06,high_wind,staggered_commissioning,11.93847,5.405004434241461,146.67993138255534,4901,568,553,-5206.87413274135,-6565.989569899821,1359.11543715847,615.3238199273067
2044,Holistic Transition,member_06,low_wind,simultaneous_commissioning,12.13728,5.712964726657329,149.8532456333794,4718,426,422,-5206.874132741348,-6588.622766621129,1381.7486338797814,650.383051759714
2044,Holistic Transition,member_06,low_wind,staggered_commissioning,11.93847,5.630818121331282,149.73658223870544,4716,426,422,-5206.874132741348,-6565.989569899818,1359.11543715847,641.031206891084
2044,Holistic Transition,member_12,average_wind,simultaneous_commissioning,12.13728,5.5278585428643625,143.35768853643103,4843,725,715,-5206.874132741342,-6588.622766621123,1381.7486338797814,629.3099434044128
2044,Holistic Transition,member_12,average_wind,staggered_commissioning,11.93847,5.482795911058091,143.2039411682373,4843,725,715,-5206.874132741342,-6565.989569899812,1359.11543715847,624.1798623700012
2044,Holistic Transition,member_12,high_wind,simultaneous_commissioning,12.13728,5.334510829662133,144.4466576016761,4983,568,549,-5206.874132741345,-6588.622766621127,1381.7486338797814,607.2985917192774
2044,Holistic Transition,member_12,high_wind,staggered_commissioning,11.93847,5.298507573180953,144.28385085815728,4986,568,549,-5206.874132741345,-6565.989569899815,1359.11543715847,603.1998603348079
2044,Holistic Transition,member_12,low_wind,simultaneous_commissioning,12.13728,5.678095146200906,150.3584892983776,4747,426,418,-5206.874132741344,-6588.622766621125,1381.7486338797814,646.4133818534729
2044,Holistic Transition,member_12,low_wind,staggered_commissioning,11.93847,5.594787007502593,150.24298743707593,4744,426,418,-5206.874132741344,-6565.989569899813,1359.11543715847,636.9293041328089
2044,Holistic Transition,member_13,average_wind,simultaneous_commissioning,12.13728,5.513220584153925,143.55707317135477,4848,725,715,-5206.8741327413445,-6588.622766621126,1381.7486338797814,627.6435091249915
2044,Holistic Transition,member_13,average_wind,staggered_commissioning,11.93847,5.4613185506129565,143.41016520489575,4849,725,715,-5206.8741327413445,-6565.989569899814,1359.11543715847,621.7348076745168
2044,Holistic Transition,member_13,high_wind,simultaneous_commissioning,12.13728,5.382869022191234,145.33089715103483,4953,568,554,-5206.874132741348,-6588.622766621129,1381.7486338797814,612.8038504316067
2044,Holistic Transition,member_13,high_wind,staggered_commissioning,11.93847,5.3410223365871285,145.17393383663892,4952,568,554,-5206.874132741348,-6565.989569899818,1359.11543715847,608.0398834912487
2044,Holistic Transition,member_13,low_wind,simultaneous_commissioning,12.13728,5.723748603758767,150.1937290970069,4705,426,422,-5206.874132741345,-6588.622766621127,1381.7486338797814,651.6107244716266
2044,Holistic Transition,member_13,low_wind,staggered_commissioning,11.93847,5.6360814153791585,150.0825862853865,4702,426,422,-5206.874132741345,-6565.989569899815,1359.11543715847,641.6303979256783
2045,Electric Engagement,member_06,average_wind,simultaneous_commissioning,11.50701,5.764256664136079,135.497652099072,4428,702,691,-2223.521961415525,-3537.107577853881,1313.585616438356,658.0201671388219
2045,Electric Engagement,member_06,average_wind,staggered_commissioning,11.70629,5.869373485353677,135.59181527785438,4429,702,691,-2223.521961415525,-3559.8564363013697,1336.3344748858449,670.0198042641183
2045,Electric Engagement,member_06,high_wind,simultaneous_commissioning,11.50701,5.636447328500478,137.6422437581417,4550,539,521,-2223.521961415528,-3537.1075778538843,1313.585616438356,643.4300603311048
2045,Electric Engagement,member_06,high_wind,staggered_commissioning,11.70629,5.729532351173614,137.74843873546857,4553,539,521,-2223.521961415528,-3559.856436301373,1336.3344748858449,654.0562044718736
2045,Electric Engagement,member_06,low_wind,simultaneous_commissioning,11.50701,5.74297672129013,139.63818007858632,4401,424,415,-2223.5219614155235,-3537.1075778538793,1313.585616438356,655.5909499189647
2045,Electric Engagement,member_06,low_wind,staggered_commissioning,11.70629,5.870716085912883,139.70972071396358,4407,424,415,-2223.5219614155235,-3559.856436301368,1336.3344748858449,670.1730691681373
2045,Electric Engagement,member_12,average_wind,simultaneous_commissioning,11.50701,5.712062313722669,132.3458189141695,4525,702,690,-2223.52196141553,-3537.1075778538857,1313.585616438356,652.0619079592088
2045,Electric Engagement,member_12,average_wind,staggered_commissioning,11.70629,5.7900259833518986,132.4671352445403,4531,702,690,-2223.52196141553,-3559.8564363013743,1336.3344748858449,660.9618702456504
2045,Electric Engagement,member_12,high_wind,simultaneous_commissioning,11.50701,5.690317480115902,135.74552727257787,4567,539,524,-2223.5219614155326,-3537.107577853889,1313.585616438356,649.579621017797
2045,Electric Engagement,member_12,high_wind,staggered_commissioning,11.70629,5.765253648554109,135.86987110413966,4569,539,524,-2223.5219614155326,-3559.8564363013775,1336.3344748858449,658.1339781454462
2045,Electric Engagement,member_12,low_wind,simultaneous_commissioning,11.50701,5.691297770831355,141.90047528369195,4464,424,415,-2223.521961415528,-3537.1075778538843,1313.585616438356,649.6915263506113
2045,Electric Engagement,member_12,low_wind,staggered_commissioning,11.70629,5.797959276651362,141.99309377787196,4467,424,415,-2223.521961415528,-3559.856436301373,1336.3344748858449,661.8674973346303
2045,Electric Engagement,member_13,average_wind,simultaneous_commissioning,11.50701,5.7985563926887185,134.79952684477698,4462,702,699,-2223.521961415526,-3537.1075778538825,1313.585616438356,661.9356612658356
2045,Electric Engagement,member_13,average_wind,staggered_commissioning,11.70629,5.874879998678169,134.92248323878752,4468,702,699,-2223.521961415526,-3559.856436301371,1336.3344748858449,670.6484016755899
2045,Electric Engagement,member_13,high_wind,simultaneous_commissioning,11.50701,5.744510138752008,138.25713789907726,4522,539,530,-2223.5219614155294,-3537.1075778538852,1313.585616438356,655.7659975744301
2045,Electric Engagement,member_13,high_wind,staggered_commissioning,11.70629,5.816440807134123,138.3844872306952,4525,539,530,-2223.5219614155294,-3559.856436301374,1336.3344748858449,663.9772610883703
2045,Electric Engagement,member_13,low_wind,simultaneous_commissioning,11.50701,5.811282055767194,140.62595007096988,4397,424,418,-2223.5219614155244,-3537.1075778538807,1313.585616438356,663.3883625305016
2045,Electric Engagement,member_13,low_wind,staggered_commissioning,11.70629,5.918106891959547,140.71840523477755,4399,424,418,-2223.5219614155244,-3559.8564363013693,1336.3344748858449,675.5829785341949
2045,Holistic Transition,member_06,average_wind,simultaneous_commissioning,11.50701,5.506492931413293,141.26079729873152,4641,713,701,-4175.405523059356,-5488.991139497712,1313.585616438356,628.5950834946682
2045,Holistic Transition,member_06,average_wind,staggered_commissioning,11.70629,5.596637553521407,141.3699326766234,4644,713,701,-4175.405523059356,-5511.7399979452,1336.3344748858449,638.8855654704803
2045,Holistic Transition,member_06,high_wind,simultaneous_commissioning,11.50701,5.31048250715998,141.75788858390558,4819,542,521,-4175.405523059361,-5488.991139497718,1313.585616438356,606.219464287669
2045,Holistic Transition,member_06,high_wind,staggered_commissioning,11.70629,5.394744967980472,141.87290612308507,4824,542,521,-4175.405523059361,-5511.739997945207,1336.3344748858449,615.8384666644375
2045,Holistic Transition,member_06,low_wind,simultaneous_commissioning,11.50701,5.544070069027876,145.158351809955,4567,429,418,-4175.405523059351,-5488.991139497707,1313.585616438356,632.8847110762416
2045,Holistic Transition,member_06,low_wind,staggered_commissioning,11.70629,5.6598656922831525,145.24183618669974,4565,429,418,-4175.405523059351,-5511.739997945196,1336.3344748858449,646.1033895300402
2045,Holistic Transition,member_12,average_wind,simultaneous_commissioning,11.50701,5.467487768166527,138.6535689864538,4736,713,695,-4175.405523059361,-5488.991139497718,1313.585616438356,624.1424392884162
2045,Holistic Transition,member_12,average_wind,staggered_commissioning,11.70629,5.52521280004713,138.79512395457314,4734,713,695,-4175.405523059361,-5511.739997945207,1336.3344748858449,630.7320547999007
2045,Holistic Transition,member_12,high_wind,simultaneous_commissioning,11.50701,5.369769838731799,140.10254965646217,4821,542,526,-4175.405523059368,-5488.991139497723,1313.585616438356,612.9874245127625
2045,Holistic Transition,member_12,high_wind,staggered_commissioning,11.70629,5.430601568027154,140.24099792716683,4825,542,526,-4175.405523059368,-5511.739997945212,1336.3344748858449,619.9316858478487
2045,Holistic Transition,member_12,low_wind,simultaneous_commissioning,11.50701,5.543063299787791,147.33925844655948,4589,429,420,-4175.405523059358,-5488.991139497713,1313.585616438356,632.7697830807981
2045,Holistic Transition,member_12,low_wind,staggered_commissioning,11.70629,5.645329244415863,147.43627250193143,4594,429,420,-4175.405523059358,-5511.739997945202,1336.3344748858449,644.4439776730437
2045,Holistic Transition,member_13,average_wind,simultaneous_commissioning,11.50701,5.551070872333318,140.89898786535178,4680,713,708,-4175.4055230593585,-5488.991139497714,1313.585616438356,633.6838895357669
2045,Holistic Transition,member_13,average_wind,staggered_commissioning,11.70629,5.6116210635378305,141.0377176741473,4680,713,708,-4175.4055230593585,-5511.739997945203,1336.3344748858449,640.5960118193871
2045,Holistic Transition,member_13,high_wind,simultaneous_commissioning,11.50701,5.457154889527915,142.2854952877879,4755,542,530,-4175.405523059364,-5488.99113949772,1313.585616438356,622.9628869324104
2045,Holistic Transition,member_13,high_wind,staggered_commissioning,11.70629,5.516675912912948,142.4252542644029,4756,542,530,-4175.405523059364,-5511.739997945208,1336.3344748858449,629.7575243051309
2045,Holistic Transition,member_13,low_wind,simultaneous_commissioning,11.50701,5.593012120917788,146.19253162161894,4570,429,422,-4175.405523059354,-5488.99113949771,1313.585616438356,638.4717033011175
2045,Holistic Transition,member_13,low_wind,staggered_commissioning,11.70629,5.687088576091538,146.29773516644516,4572,429,422,-4175.405523059354,-5511.739997945198,1336.3344748858449,649.2110246679838
